source1_entity_id	candidate_entity_ids
S1-53356671	S2-516249560,S2-145521404,S2-158363027,S2-176968531,S2-27986137,S2-310613953,S2-38917398,S2-39079223,S2-39401964,S2-399449669,S2-457500956,S2-574914445,S2-619859806,S2-716687956,S2-716961117,S2-734993182,S2-866650875,S2-92868774,S2-122570602,S2-199669656,S2-209549510,S2-287872643,S2-304562241,S2-574092301,S2-586812390,S2-671212976,S2-69559356,S2-743951385,S2-991285925,S2-999927060,S3-468658814,S2-103820926,S2-111647224,S2-131872909,S2-147364644,S2-149909781,S2-169988993,S2-180148157,S2-218374101,S2-218771556,S2-224665641,S2-255398746,S2-256033433,S2-257285686,S2-263085427,S2-271542003,S2-312125729,S2-315927317,S2-331052709,S2-358183733,S2-362179167,S2-387028715,S2-390323075,S2-401417353,S2-410329713,S2-418311879,S2-426439815,S2-428794986,S2-444730103,S2-447033408,S2-450032334,S2-453334141,S2-453368719,S2-456957169,S2-473508533,S2-474346550,S2-482144229,S2-497604553,S2-499162538,S2-500481645,S2-51977302,S2-531415680,S2-53223513,S2-535762772,S2-540071929
S1-320151505	S2-263937321,S2-951553277,S2-102373066,S2-168253692,S2-203600637,S2-282628634,S2-326806968,S2-331589902,S2-47672881,S2-624260907,S2-665108035,S2-959485941,S3-975397820,S2-110529098,S2-112482670,S2-114634429,S2-163493432,S2-17103337,S2-173705524,S2-18427979,S2-188881969,S2-196194411,S2-202263157,S2-229856886,S2-230628758,S2-242442581,S2-293011085,S2-293946255,S2-316137895,S2-322150186,S2-344977163,S2-352458138,S2-373757440,S2-376391379,S2-396210801,S2-40976965,S2-416164952,S2-41999958,S2-444736027,S2-447254617,S2-475820176,S2-500749441,S2-505066547,S2-510293809,S2-511247775,S2-550965094,S2-584522532,S2-614260033,S2-618921786,S2-6298049,S2-640965072,S2-660240843,S2-662338032,S2-666668230,S2-672594222,S2-680831686,S2-700052807,S2-738509117,S2-745051460,S2-754691522,S2-762641017,S2-76753106,S2-779485994,S2-827151886,S2-832217093,S2-832244452,S2-849528962,S2-870015490,S2-894032799,S2-898606081,S2-907047299,S2-918692917,S2-919073464,S2-920211467,S2-920392816
S1-938947364	S2-627733994,S2-105086356,S2-185623974,S2-186134051,S2-254409994,S2-259958611,S2-308141200,S2-340219554,S2-423030845,S2-472836944,S2-577701960,S2-594470651,S2-595121608,S2-664875613,S2-729789554,S2-885821733,S2-918349153,S2-17316521,S2-197510306,S2-246254728,S2-258822331,S2-261048961,S2-269598717,S2-301403948,S2-360331309,S2-423897096,S2-42683370,S2-680445163,S2-905131874,S2-969205936,S2-129656527,S2-136567249,S2-161892277,S2-19173155,S2-225690672,S2-235831953,S2-236391608,S2-245763513,S2-269515,S2-270371040,S2-276124447,S2-319983532,S2-350758781,S2-358213185,S2-396615667,S2-414412609,S2-418819856,S2-439515498,S2-462537932,S2-467121114,S2-504307798,S2-516258047,S2-520965000,S2-520967073,S2-557702315,S2-569585207,S2-584841197,S2-593317778,S2-595942048,S2-634636838,S2-647834655,S2-658365420,S2-66398633,S2-667296502,S2-675808168,S2-676496771,S2-677739326,S2-683722221,S2-686985764,S2-711588071,S2-733705245,S2-739524192,S2-74760485,S2-752813224,S2-758120298
S1-195839862	S2-232134153,S2-287496496,S2-31256790,S2-344984473,S2-43348529,S2-537166823,S2-638017400,S2-719091371,S2-819216280,S2-885154176,S2-111163625,S2-119139427,S2-127298211,S2-158588717,S2-169599762,S2-265371249,S2-26735162,S2-306184549,S2-352019784,S2-393142974,S2-468780590,S2-522850606,S2-547788555,S2-614672685,S2-794605070,S2-939010245,S2-946158355,S2-10109961,S2-121820267,S2-133116956,S2-148248485,S2-173053672,S2-175859290,S2-189148650,S2-215623408,S2-227337246,S2-237600751,S2-248326664,S2-262967387,S2-280945052,S2-281738665,S2-297885596,S2-299946043,S2-305633492,S2-309009649,S2-313943388,S2-318245088,S2-33481036,S2-337164747,S2-340132276,S2-358001936,S2-364705686,S2-364822442,S2-371835545,S2-376498181,S2-389543660,S2-396572588,S2-403014269,S2-44334160,S2-445203748,S2-453464417,S2-455395761,S2-462574125,S2-476807617,S2-478040914,S2-52878772,S2-535975163,S2-542148176,S2-552966088,S2-571827982,S2-580612257,S2-582302312,S2-614856809,S2-617808392,S2-626674166
S1-655046555	S2-113600604,S2-353002518,S2-65934102,S2-800662048,S2-25984476,S2-269048070,S2-27868281,S2-354453768,S2-495925003,S2-623826371,S2-656066893,S2-715362263,S2-715492820,S2-777264248,S2-826641956,S2-829105639,S2-965981119,S3-642804876,S3-76221554,S2-139062131,S2-145639276,S2-154993820,S2-21225695,S2-25195909,S2-252476242,S2-278180947,S2-286422860,S2-297445236,S2-300119537,S2-300805594,S2-312697403,S2-3134350,S2-338448176,S2-344091705,S2-358767859,S2-367183745,S2-370281659,S2-388782995,S2-396474823,S2-397499322,S2-414964483,S2-425909613,S2-476782093,S2-499640071,S2-503448215,S2-508776657,S2-510598619,S2-514367091,S2-520001162,S2-533623926,S2-548949690,S2-56864591,S2-587929820,S2-633613026,S2-637734439,S2-641558495,S2-652796082,S2-660443599,S2-668526755,S2-673884956,S2-680588400,S2-681529372,S2-687481047,S2-687944661,S2-702758652,S2-71385417,S2-723509133,S2-73156901,S2-74123354,S2-749405211,S2-763955772,S2-774822809,S2-778008937,S2-778074729,S2-809714760
S1-758070915	S2-115642019,S2-143977672,S2-203296597,S2-294467545,S2-404109757,S2-469243821,S2-477675434,S2-482965691,S2-505083731,S2-517668630,S2-578129330,S2-581760687,S2-650216158,S2-683312986,S2-808715382,S2-944772275,S2-949348082,S2-166803526,S2-258068937,S2-291488555,S2-396200738,S2-407933109,S2-476886549,S2-547274941,S2-570057266,S2-571013920,S2-621101162,S2-699676510,S2-769630242,S2-927983636,S2-95209804,S2-105787104,S2-116172784,S2-134212554,S2-144489786,S2-184812024,S2-186308575,S2-200851348,S2-228797975,S2-229217508,S2-253264439,S2-266511075,S2-271691168,S2-275972525,S2-278575716,S2-283213851,S2-292556440,S2-332963921,S2-354495754,S2-364151743,S2-372964890,S2-389281152,S2-395197748,S2-406217199,S2-443426405,S2-45595998,S2-465878258,S2-468683267,S2-487220590,S2-491376508,S2-494745447,S2-514228657,S2-527853625,S2-562375639,S2-569289053,S2-593248468,S2-593897467,S2-597506014,S2-598193722,S2-606695394,S2-60864366,S2-637689685,S2-644251488,S2-648145480,S2-668955111
S1-169338169	S2-519047819,S2-626887099,S2-101357215,S2-113853709,S2-140707536,S2-160677045,S2-189064860,S2-205070779,S2-207569718,S2-228247073,S2-232570134,S2-238273304,S2-238514326,S2-24465724,S2-261091707,S2-267137178,S2-272822883,S2-284676645,S2-285915845,S2-298922012,S2-306954196,S2-327103110,S2-340651873,S2-344445906,S2-358660519,S2-369764608,S2-374049018,S2-375867473,S2-387339799,S2-398662882,S2-400653935,S2-411562167,S2-423595620,S2-431612554,S2-453975656,S2-48443383,S2-491764787,S2-512020087,S2-52431322,S2-526132038,S2-534436547,S2-550044345,S2-564852431,S2-568928848,S2-581329228,S2-593852524,S2-597334901,S2-606611580,S2-624870966,S2-630313740,S2-66070412,S2-670838526,S2-698058541,S2-700717757,S2-702965552,S2-739440809,S2-748263186,S2-751561204,S2-766731735,S2-781083582,S2-783240674,S2-816390557,S2-824060876,S2-851548432,S2-866824630,S2-930040279,S2-94040255,S2-946212101,S2-951853209,S2-95936218,S2-976991945,S2-982275132,S3-545607641
S1-796421498	S2-170801437,S2-223493773,S2-261296009,S2-287727111,S2-385605379,S2-411547279,S2-456041500,S2-518561014,S2-612587983,S2-67979835,S2-81518288,S2-826003982,S2-888523271,S2-913050438,S2-978286724,S2-1655271,S2-294670914,S2-300679781,S2-458436347,S2-535530158,S2-599921041,S2-602057050,S2-69814176,S2-72108495,S2-724214284,S2-732876348,S2-798845597,S2-901147340,S2-126074003,S2-166432451,S2-172179964,S2-183278279,S2-190627721,S2-196204984,S2-203964997,S2-212967778,S2-222760252,S2-229159813,S2-232784264,S2-259358850,S2-265218175,S2-275064688,S2-290806129,S2-316858005,S2-342062565,S2-343101909,S2-351515910,S2-353922559,S2-402637820,S2-403930647,S2-41081309,S2-430853478,S2-448934194,S2-473215042,S2-497129908,S2-497742063,S2-501130159,S2-505041950,S2-505697832,S2-514970066,S2-516760834,S2-516946324,S2-517876961,S2-523297614,S2-532095090,S2-556034612,S2-576828016,S2-598274585,S2-615070557,S2-619002800,S2-638545493,S2-639689399,S2-657559958,S2-670483257,S2-68402423
S1-802535179	S2-112894591,S3-770184671,S3-802505729,S3-867493275,S2-110271666,S2-112705194,S2-135923064,S2-147045741,S2-159836961,S2-162661054,S2-165188540,S2-167471750,S2-205861653,S2-20818044,S2-225629388,S2-238799081,S2-36075175,S2-419931500,S2-421142430,S2-424369122,S2-43399661,S2-445472496,S2-457824677,S2-516435956,S2-543530199,S2-553434792,S2-576751810,S2-601734987,S2-635512768,S2-690189972,S2-731764215,S2-785437305,S2-840569627,S2-840923421,S2-853515409,S2-877734441,S2-880143460,S2-881424390,S2-910635230,S2-932165508,S2-94087543,S2-991817650,S3-415785756
S1-97176033	S2-137278449,S2-367313856,S2-42223728,S2-452429687,S2-486778080,S2-74182119,S2-916579630,S2-92862033,S2-146268080,S2-192473864,S2-303507876,S2-405144389,S3-325382850,S2-141508445,S2-144387702,S2-154334183,S2-155522814,S2-159188508,S2-163347565,S2-176577747,S2-204301831,S2-215081840,S2-215740950,S2-231545158,S2-232872922,S2-235327631,S2-237011360,S2-237418004,S2-267902133,S2-280064424,S2-285549779,S2-30208388,S2-311945325,S2-320452294,S2-332356681,S2-339142042,S2-34984019,S2-369962414,S2-372625515,S2-382549229,S2-397553411,S2-400456360,S2-402689999,S2-410424874,S2-413103754,S2-417001321,S2-441170807,S2-444012016,S2-450588116,S2-456281366,S2-476817426,S2-479247187,S2-485450855,S2-513203400,S2-513622283,S2-523412297,S2-569860965,S2-570446554,S2-570539664,S2-584443602,S2-592666139,S2-598610883,S2-59874644,S2-602602812,S2-60794651,S2-613102013,S2-622396015,S2-625365305,S2-626012117,S2-628238161,S2-632916335,S2-632922730,S2-640420911,S2-659300097,S2-671437413
S1-983540069	S2-16423658,S2-175367589,S2-266129533,S2-273005906,S2-275142024,S2-278486510,S2-434510811,S2-50505357,S2-606774725,S2-112937679,S2-113940014,S2-134223511,S2-134570163,S2-134592813,S2-135274617,S2-136430787,S2-136642884,S2-149385572,S2-159052178,S2-162776131,S2-16898701,S2-172184748,S2-178329511,S2-186594160,S2-187157651,S2-193463317,S2-19578300,S2-210669738,S2-242999084,S2-254731176,S2-266701076,S2-290270555,S2-290526052,S2-29478050,S2-305407987,S2-311274989,S2-312706345,S2-318008644,S2-318147642,S2-319899975,S2-3204799,S2-343739688,S2-366748463,S2-369692181,S2-374868939,S2-375174349,S2-385908574,S2-397275395,S2-416902834,S2-416930536,S2-425901269,S2-44005818,S2-440342961,S2-447144851,S2-450983492,S2-451251660,S2-452850040,S2-456504724,S2-460375037,S2-467156066,S2-488406580,S2-500001200,S2-500197552,S2-508323377,S2-512091844,S2-515039871,S2-521424696,S2-522504328,S2-531028425,S2-535655917,S2-550292034,S2-56287171,S2-573418143,S2-57439083,S2-574748737
S1-642488269	S2-23316256,S2-100497301,S2-143048658,S2-183491951,S2-258688054,S2-265353858,S2-308422516,S2-332405362,S2-334231010,S2-372567217,S2-470145503,S2-471558712,S2-507818786,S2-523357028,S2-539159666,S2-548643830,S2-562028363,S2-630117243,S2-671304459,S2-837684631,S2-895484743,S2-103998875,S2-109288879,S2-113060905,S2-116397609,S2-120691296,S2-128203278,S2-130743110,S2-151391739,S2-1646352,S2-173058270,S2-184893248,S2-186626581,S2-195809154,S2-200842088,S2-20791846,S2-216050037,S2-22741542,S2-243792200,S2-26331128,S2-294488446,S2-295517670,S2-301342590,S2-30305535,S2-343381660,S2-363572407,S2-37657162,S2-37960046,S2-387854630,S2-395038557,S2-401967653,S2-408136415,S2-418196960,S2-419551614,S2-422525953,S2-444679914,S2-447649940,S2-458804764,S2-46000762,S2-463808713,S2-466046497,S2-470347011,S2-473898187,S2-475712219,S2-480680498,S2-482240441,S2-498910744,S2-501885778,S2-516127274,S2-521872456,S2-537810621,S2-539981911,S2-540094749,S2-545237608,S2-555968565
S1-426953208	S2-585835879,S2-115314774,S2-150527757,S2-359820757,S2-528143818,S2-644264374,S2-68483150,S2-770576876,S2-795809304,S2-803487149,S2-853275037,S2-900515245,S2-92469603,S2-953589233,S2-987474411,S2-136673444,S2-175400854,S2-203355791,S2-205388630,S2-346970078,S2-430894860,S2-437307977,S2-455800310,S2-575303783,S2-73825356,S2-860663461,S2-938047311,S2-945559054,S2-958692308,S2-982954572,S3-255726763,S2-100249799,S2-111555781,S2-114401988,S2-116100657,S2-123539097,S2-137893852,S2-145842094,S2-152926449,S2-189089447,S2-206927482,S2-217009260,S2-250915022,S2-273417878,S2-283034756,S2-294732886,S2-330410550,S2-342662969,S2-35086639,S2-359861604,S2-365414638,S2-400684512,S2-405222082,S2-411986568,S2-457382493,S2-459813977,S2-462907292,S2-464855771,S2-47667961,S2-494193597,S2-500154560,S2-503169839,S2-505050353,S2-519724219,S2-527500693,S2-53010619,S2-541636548,S2-55693914,S2-562990840,S2-584379965,S2-587399380,S2-598565770,S2-61100587,S2-611641666,S2-642318176
S1-818320211	S3-216616628,S3-240227556,S2-138557236,S2-161879512,S2-168770832,S2-187697334,S2-193535681,S2-226258310,S2-236283902,S2-24406187,S2-288008768,S2-291498048,S2-324905400,S2-332453876,S2-361655013,S2-437645460,S2-455543466,S2-494430593,S2-50756724,S2-512294509,S2-561199640,S2-575478846,S2-58634274,S2-600296153,S2-608492119,S2-613612035,S2-616866403,S2-626915589,S2-632410049,S2-65027320,S2-674862293,S2-676973581,S2-743305304,S2-751613650,S2-795399288,S2-816130111,S2-834353592,S2-853325574,S2-892886608,S2-89378876,S2-913733095,S2-932169977,S2-936252332,S2-974629320,S2-989733140,S2-997294950,S3-3928354,S3-447067803,S3-513288737,S3-526845350,S3-583894057,S3-74135481,S3-944983413
S1-33984562	S2-103319120,S2-38741823,S2-658894340,S2-708291383,S2-843681381,S2-865953439,S2-20787205,S2-208388242,S2-218023114,S2-335825937,S2-86038342,S2-968205328,S2-126065967,S2-144988550,S2-146656765,S2-154748565,S2-169822289,S2-17298218,S2-175305141,S2-178872120,S2-1801967,S2-198176471,S2-240356295,S2-242089408,S2-247684591,S2-248093767,S2-257065380,S2-263787470,S2-26864437,S2-279503257,S2-298916080,S2-30333647,S2-315157367,S2-3154005,S2-318407264,S2-321091243,S2-324164363,S2-326074262,S2-347221026,S2-349694354,S2-35460538,S2-362793045,S2-365396830,S2-367121767,S2-382927530,S2-387624705,S2-388426165,S2-399364938,S2-401074883,S2-405137729,S2-409250915,S2-413388691,S2-414620841,S2-418319340,S2-419789553,S2-422666164,S2-422852475,S2-423479319,S2-444433198,S2-449793045,S2-453148345,S2-464266370,S2-46451884,S2-469243821,S2-474118092,S2-476083683,S2-489227819,S2-492379096,S2-492791281,S2-49425586,S2-499962923,S2-502866346,S2-513138132,S2-53462783,S2-53554748
S1-709960468	S2-278269475,S2-302833544,S2-372693544,S2-388180497,S2-394324148,S2-396394251,S2-622693072,S2-814335194,S2-949133216,S2-205467189,S2-390877182,S2-427165926,S2-43147354,S2-477266970,S2-519500095,S2-524001226,S2-636939570,S2-639652448,S2-909081624,S2-10344595,S2-104320974,S2-107832064,S2-113479754,S2-118299713,S2-146607525,S2-146892719,S2-148097643,S2-162378819,S2-162768507,S2-165401611,S2-165855445,S2-178064410,S2-185165810,S2-185405451,S2-186326148,S2-196911873,S2-197914737,S2-221647535,S2-229069988,S2-249256680,S2-251636311,S2-254798825,S2-257885603,S2-264036862,S2-2672425,S2-269610435,S2-281298862,S2-313920163,S2-314786163,S2-31510948,S2-329178651,S2-337150815,S2-345646099,S2-351050869,S2-357104008,S2-362559315,S2-366954652,S2-371923685,S2-382733721,S2-392990451,S2-403869292,S2-40746806,S2-408865400,S2-444467356,S2-448548244,S2-449660184,S2-458284892,S2-459018782,S2-465387010,S2-465582627,S2-473578520,S2-489461707,S2-503887364,S2-511738483,S2-512827491
S1-986840295	S2-434170203,S2-161991045,S2-274175778,S2-299296375,S2-568317628,S2-580977417,S2-794813438,S3-200274658,S3-614001666,S2-100979549,S2-102651087,S2-11952333,S2-121472316,S2-123179288,S2-134084296,S2-146065370,S2-151806848,S2-158638453,S2-161143847,S2-161733089,S2-17208669,S2-1733024,S2-175623332,S2-176797355,S2-178317456,S2-181085066,S2-190136605,S2-226536603,S2-227060998,S2-22891937,S2-233838786,S2-233994357,S2-235835999,S2-249512506,S2-25214831,S2-253799125,S2-259424022,S2-27127409,S2-273839811,S2-279737801,S2-290173443,S2-290775709,S2-290827109,S2-298986717,S2-299980209,S2-312251332,S2-336219125,S2-344631685,S2-356157174,S2-36170537,S2-363826601,S2-367440734,S2-36832195,S2-373494966,S2-375543235,S2-381866590,S2-382172379,S2-38470677,S2-387068995,S2-39056832,S2-392472147,S2-418277804,S2-440657307,S2-45288495,S2-454924946,S2-45650731,S2-469774927,S2-487462409,S2-490300604,S2-495557201,S2-503373128,S2-50412871,S2-538025285,S2-538632880,S2-563205305
S1-836296604	S2-589881795,S2-130812446,S2-132346267,S2-140022689,S2-144035450,S2-161242809,S2-184039412,S2-204840751,S2-215687770,S2-268277973,S2-272454136,S2-669525669,S2-760728466,S2-823139527,S2-944904521,S3-286106440,S2-101743561,S2-118745823,S2-121231567,S2-122336163,S2-135657549,S2-148401247,S2-197737724,S2-203623579,S2-205953519,S2-210504136,S2-244093538,S2-280738084,S2-291080620,S2-298828298,S2-302874511,S2-313527201,S2-315252979,S2-31784794,S2-318548874,S2-31965848,S2-324104907,S2-329607640,S2-331304814,S2-345118009,S2-345637772,S2-349769595,S2-359423178,S2-371039943,S2-371549760,S2-384514939,S2-387912916,S2-399052000,S2-406459939,S2-421724663,S2-4275251,S2-428595099,S2-443435043,S2-447807721,S2-451908529,S2-453793882,S2-461114120,S2-470018035,S2-470428713,S2-476515099,S2-481998012,S2-482770756,S2-48788626,S2-492939836,S2-507569300,S2-514204492,S2-521478250,S2-522413379,S2-526796413,S2-53470976,S2-537121296,S2-544417957,S2-57717213,S2-591329895,S2-641015626
S1-975412735	S2-147973949,S2-162849450,S2-187600650,S2-225690672,S2-231942361,S2-28920926,S2-312372957,S2-351025027,S2-406794851,S2-42284542,S2-540105563,S2-69512255,S2-743251605,S2-787819112,S2-846938440,S2-996064384,S2-10773065,S2-17364326,S2-339855548,S2-469023043,S2-475330166,S2-548049276,S2-662614527,S2-883499288,S2-1064069,S2-116100657,S2-119405191,S2-127085916,S2-139020025,S2-14193075,S2-142924566,S2-166385937,S2-18167729,S2-183156706,S2-189649714,S2-200866006,S2-211892331,S2-212924766,S2-223836221,S2-228396237,S2-230916825,S2-24663270,S2-257926515,S2-265678208,S2-285419121,S2-289119895,S2-291437407,S2-333192757,S2-355984933,S2-357743613,S2-373088402,S2-412136014,S2-417848977,S2-428660624,S2-428985968,S2-4329954,S2-459977237,S2-46566895,S2-466940515,S2-480988901,S2-489802888,S2-512116462,S2-518712603,S2-530134799,S2-53261677,S2-537414628,S2-544965534,S2-547274941,S2-554432401,S2-56759251,S2-60167420,S2-626998166,S2-630563484,S2-633905411,S2-663456684
S1-739708548	S2-297005744,S2-51522159,S2-789259630,S2-881417158,S2-236750940,S2-322219252,S2-40213815,S2-412494810,S2-488466674,S2-100063090,S2-106082442,S2-114081967,S2-122794899,S2-125519846,S2-126233730,S2-126300983,S2-127990626,S2-130556167,S2-163800564,S2-176729608,S2-177810746,S2-187047488,S2-187970809,S2-193347411,S2-205735797,S2-21813881,S2-225041234,S2-227919796,S2-228344851,S2-22836175,S2-229662047,S2-230859029,S2-235727687,S2-237886735,S2-243626415,S2-246189424,S2-261840411,S2-269065016,S2-270674608,S2-271241295,S2-27211208,S2-278372364,S2-288262528,S2-29161970,S2-302421255,S2-329288905,S2-329510427,S2-336821854,S2-337382553,S2-338663898,S2-357523784,S2-362602827,S2-364489102,S2-37030106,S2-373134817,S2-373895644,S2-384616423,S2-397964512,S2-402844335,S2-40585459,S2-408007392,S2-422727588,S2-423184538,S2-429513152,S2-440566451,S2-444421356,S2-46424225,S2-474118498,S2-484938869,S2-490320012,S2-494755364,S2-498965294,S2-517145563,S2-522528265,S2-524651056
S1-721469485	S2-145204119,S2-294062437,S2-662221399,S2-218203548,S2-564433190,S2-585698283,S2-646593051,S2-754789254,S2-125314910,S2-165538215,S2-173714131,S2-194034279,S2-211286117,S2-242367010,S2-28133845,S2-362262700,S2-367076099,S2-394645988,S2-398456093,S2-415177929,S2-453647532,S2-483326033,S2-483436853,S2-500706097,S2-505029475,S2-533780258,S2-550771561,S2-57257373,S2-596878321,S2-723644020,S2-777869205,S2-823401038,S2-843738909,S2-848175214,S2-103317508,S2-133487711,S2-134175529,S2-143116496,S2-145211688,S2-16527460,S2-182499829,S2-184654292,S2-199757105,S2-204591452,S2-218771556,S2-227994730,S2-230803632,S2-237967629,S2-247610312,S2-252063412,S2-265287731,S2-266713379,S2-267890977,S2-292552164,S2-296371420,S2-29882059,S2-30396604,S2-304991340,S2-354161865,S2-358647325,S2-362555190,S2-364823475,S2-368276483,S2-371585420,S2-39079223,S2-391934267,S2-395125869,S2-397789829,S2-41741727,S2-417443887,S2-428615318,S2-454272837,S2-471104369,S2-471108816,S2-493874718
S1-216733182	S2-403025276,S3-221870645,S2-76049066,S3-83822646,S2-100598528,S2-100951497,S2-110304126,S2-114182178,S2-119178605,S2-123703558,S2-124350644,S2-127778636,S2-129897980,S2-134708168,S2-147508164,S2-155681006,S2-188612294,S2-207827834,S2-210648914,S2-214702321,S2-214816898,S2-223038034,S2-227009111,S2-23366877,S2-234173985,S2-238551747,S2-248749259,S2-254993487,S2-259659760,S2-262623924,S2-265733255,S2-27037941,S2-273794571,S2-289763600,S2-294959595,S2-305873353,S2-327229697,S2-342618794,S2-349287094,S2-354227046,S2-367970234,S2-368111926,S2-372677221,S2-385875188,S2-391149923,S2-393191874,S2-397344815,S2-402325951,S2-414384433,S2-418645742,S2-421698390,S2-4304916,S2-435749350,S2-445877851,S2-449997657,S2-457901617,S2-458294250,S2-459260112,S2-463911059,S2-466263961,S2-475419520,S2-483774275,S2-48938102,S2-492786272,S2-494076942,S2-497663814,S2-500533519,S2-505170856,S2-533909880,S2-538122409,S2-552487507,S2-571050927,S2-572866796,S2-58248369,S2-586842437
S1-369198632	S2-154418276,S2-282745196,S2-302598427,S2-443995965,S2-491804484,S2-519510437,S2-549740925,S2-598158430,S2-649079568,S3-469240895,S3-871488044,S2-102693084,S2-11071403,S2-111954082,S2-119755172,S2-143561847,S2-144080665,S2-153783109,S2-199048632,S2-230639082,S2-233716677,S2-236270044,S2-23670247,S2-262288709,S2-262573887,S2-262798852,S2-269793548,S2-298243231,S2-325169570,S2-326855675,S2-338654737,S2-347590815,S2-356660731,S2-372652350,S2-374367157,S2-409439851,S2-410379614,S2-41478199,S2-446930309,S2-455650690,S2-463312070,S2-463479412,S2-468549517,S2-476279050,S2-478680886,S2-499066292,S2-538433090,S2-543977399,S2-565910509,S2-572350150,S2-588324403,S2-610670204,S2-618120045,S2-622987631,S2-625377715,S2-681253154,S2-684050620,S2-688018886,S2-690578794,S2-692204298,S2-699584558,S2-708561467,S2-731518071,S2-746450015,S2-75363226,S2-762606528,S2-790354304,S2-791686989,S2-818880084,S2-824879404,S2-826360743,S2-841683176,S2-851501691,S2-865097469,S2-887106426
S1-589302928	S2-29922347,S2-506885558,S2-797854842,S2-161873956,S2-285741688,S2-663274253,S2-693879238,S2-862316742,S2-982264851,S2-107911495,S2-131264573,S2-138102037,S2-160143546,S2-161807543,S2-163443575,S2-211789903,S2-218117157,S2-218954411,S2-23107670,S2-24221773,S2-247901333,S2-26696828,S2-267861390,S2-268712133,S2-282132741,S2-291200753,S2-29394530,S2-307206195,S2-309721304,S2-323812327,S2-338697086,S2-339295813,S2-341128074,S2-34566690,S2-348148337,S2-352618229,S2-358229329,S2-361131093,S2-372556639,S2-375863528,S2-378149893,S2-383643527,S2-388144597,S2-413487980,S2-417898296,S2-442175885,S2-455530149,S2-464941960,S2-483299338,S2-485995150,S2-491749140,S2-50223779,S2-51756702,S2-523208871,S2-533296992,S2-546814995,S2-560782104,S2-568717602,S2-573329216,S2-576427037,S2-576702742,S2-576724876,S2-579723064,S2-589467090,S2-590703106,S2-597674688,S2-600305311,S2-602682809,S2-605196513,S2-616577389,S2-620696848,S2-621099506,S2-622256141,S2-624506915,S2-630679903
S1-527497541	S2-189554509,S2-240314871,S2-277586168,S2-308183488,S2-367097323,S2-547045240,S2-577777147,S2-725969272,S2-779235994,S2-882819261,S2-202545057,S2-214208615,S2-304310602,S2-423105162,S2-469378393,S2-489911752,S2-583425349,S2-629658691,S2-696676842,S2-720057792,S2-874005721,S2-108272874,S2-10956236,S2-117760308,S2-131117920,S2-141257840,S2-142886181,S2-143350442,S2-168222060,S2-171510975,S2-175283195,S2-176067022,S2-198631667,S2-200448522,S2-205170272,S2-217847530,S2-221455202,S2-222780298,S2-224699135,S2-232812710,S2-242333908,S2-24685233,S2-247341171,S2-270718728,S2-288541792,S2-289947259,S2-3134678,S2-320131753,S2-325000476,S2-331797662,S2-335272537,S2-343721782,S2-344720223,S2-345020903,S2-352120096,S2-361200644,S2-365876998,S2-373310038,S2-380161068,S2-386753702,S2-388932698,S2-39164795,S2-40108948,S2-404525507,S2-407663103,S2-412568488,S2-427664815,S2-431286952,S2-433060011,S2-442751887,S2-446722445,S2-459385661,S2-460732167,S2-466380342,S2-479002090
S1-951433056	S2-398388666,S2-553635389,S3-99746792,S2-102048202,S2-102986324,S2-114442923,S2-123341415,S2-138421524,S2-153296582,S2-163727684,S2-189758645,S2-225035980,S2-229162590,S2-231527752,S2-241957495,S2-254336292,S2-262309526,S2-268933145,S2-26921291,S2-269260068,S2-301043713,S2-330255998,S2-34609992,S2-347066324,S2-352102392,S2-364029944,S2-389349409,S2-424491271,S2-431709711,S2-433090621,S2-439178429,S2-459159114,S2-471093149,S2-473293386,S2-475240317,S2-491675548,S2-527388422,S2-557582012,S2-568782502,S2-573691389,S2-578854644,S2-583409622,S2-598202687,S2-599281636,S2-642454843,S2-645322330,S2-678699166,S2-69442695,S2-706476087,S2-739860226,S2-754889573,S2-755507802,S2-776056042,S2-856632017,S2-875124009,S2-8806906,S2-90220784,S2-914817534,S2-962723693,S2-994641532,S3-154094056,S3-280131857,S3-297484511,S3-384894232,S3-458263775,S3-514980845,S3-550183630,S3-603818512,S3-659321433
S1-857232066	S2-946334186,S2-493599287,S2-103603271,S2-116028112,S2-137062485,S2-155159431,S2-157718703,S2-210392698,S2-242367712,S2-248685968,S2-268504009,S2-285151771,S2-324896202,S2-336288584,S2-338180602,S2-338181304,S2-349666272,S2-366023248,S2-387572692,S2-392130602,S2-394565864,S2-399391347,S2-429330057,S2-44843332,S2-46023535,S2-460825857,S2-471977441,S2-488141050,S2-50513846,S2-510378120,S2-52846978,S2-541414076,S2-556728084,S2-571547423,S2-574121799,S2-582982092,S2-587219674,S2-619277617,S2-631171551,S2-644037941,S2-668633326,S2-692022593,S2-701990716,S2-704260435,S2-715327535,S2-760823158,S2-761282766,S2-762307398,S2-786817236,S2-789504087,S2-828872229,S2-876005860,S2-877193194,S2-882495793,S2-899505585,S2-89970329,S2-949198239,S2-960261775,S2-963561507,S2-998440718,S3-112879717,S3-119140638,S3-138716926,S3-2093901,S3-22576848,S3-230435165,S3-240252262,S3-30391030,S3-525022575,S3-541713552,S3-648875072,S3-959713631
S1-391683240	S2-20521724,S2-233227302,S2-32851836,S2-331692143,S2-499048769,S2-518000277,S2-556530424,S2-570937619,S2-619050146,S2-663098623,S2-748347027,S2-771555843,S2-846347139,S2-916812240,S2-926493074,S2-975929602,S2-995134427,S2-335121454,S2-39668974,S2-407432115,S2-426056399,S2-450093756,S2-48543925,S2-549942721,S2-629100888,S2-634927127,S2-637868384,S2-701164376,S2-830625463,S2-849730555,S2-875236137,S2-934911551,S2-102392793,S2-109549368,S2-111884682,S2-128716923,S2-135748557,S2-143067447,S2-169184293,S2-192707615,S2-209824847,S2-24898587,S2-249094879,S2-260051623,S2-269487856,S2-276224774,S2-284849586,S2-287585936,S2-288284623,S2-300766507,S2-350115608,S2-360921144,S2-414111539,S2-416257154,S2-428490395,S2-459429061,S2-484120083,S2-492758010,S2-515529737,S2-51659609,S2-523772414,S2-537968038,S2-549792184,S2-560815608,S2-597108417,S2-636809908,S2-673940503,S2-682055735,S2-686212998,S2-687923904,S2-69415070,S2-697538435,S2-70488711,S2-72087358,S2-733951342
S1-630149953	S2-617808392,S2-831741320,S2-229301244,S2-247755935,S2-262901570,S2-431383642,S2-69074287,S2-8887919,S2-908129740,S2-927050294,S2-958554600,S3-256127746,S2-100337517,S2-101303563,S2-105908404,S2-109340291,S2-111163625,S2-115285951,S2-117723528,S2-119139427,S2-120691068,S2-121820267,S2-12244436,S2-122573771,S2-122761471,S2-128458088,S2-131385026,S2-131669494,S2-138839775,S2-147125173,S2-154046684,S2-160779889,S2-169599762,S2-174211143,S2-185709139,S2-209433995,S2-228353617,S2-22958782,S2-248209998,S2-252660172,S2-262967387,S2-26735162,S2-270685200,S2-287496496,S2-292268822,S2-304533463,S2-306026168,S2-306184549,S2-310140993,S2-310947827,S2-31256790,S2-318245088,S2-319948136,S2-322687527,S2-324173796,S2-329155791,S2-337383613,S2-33771395,S2-346473370,S2-352019784,S2-367286732,S2-372086173,S2-375324104,S2-382456359,S2-38649868,S2-389823335,S2-390264170,S2-393142974,S2-396385381,S2-411322234,S2-419323408,S2-420746877,S2-421542053,S2-424328504,S2-424527366
S1-207329319	S2-653613388,S2-678145453,S2-696233561,S2-938952817,S2-939070955,S2-952852242,S2-108304064,S2-119720980,S2-14811850,S2-157018949,S2-158970778,S2-183601014,S2-191016213,S2-197015298,S2-203963465,S2-216780164,S2-233871140,S2-24860863,S2-253325468,S2-254849099,S2-327435652,S2-342754859,S2-360210911,S2-367858622,S2-373984738,S2-373993589,S2-376029700,S2-383013824,S2-391071061,S2-410209596,S2-429010267,S2-431973598,S2-437337226,S2-45233168,S2-473813053,S2-488387082,S2-51363526,S2-517949790,S2-520070984,S2-528109319,S2-535666146,S2-538425484,S2-558752020,S2-580526090,S2-587117388,S2-593864232,S2-599705622,S2-612093693,S2-62455471,S2-628565321,S2-631718807,S2-634616698,S2-64224701,S2-645024489,S2-651209953,S2-65655043,S2-66510215,S2-672761451,S2-684442532,S2-687048917,S2-689604799,S2-692254603,S2-702805298,S2-721219652,S2-726795283,S2-756238166,S2-765539899,S2-77059049,S2-772677282,S2-809775998,S2-812048961,S2-855964382,S2-860942014,S2-880070884,S2-887165297
S1-822087158	S2-234221838,S2-263163004,S2-326358774,S2-420347037,S2-450979167,S2-452727355,S2-487966949,S2-556816707,S2-805487611,S2-97650892,S2-553815157,S2-112607236,S2-115339733,S2-120060080,S2-123718097,S2-126222886,S2-129752678,S2-134348674,S2-142609972,S2-154095828,S2-185537657,S2-185920568,S2-187942646,S2-188008928,S2-19100135,S2-201628775,S2-202241593,S2-226697522,S2-235547928,S2-238880328,S2-244757292,S2-250632905,S2-253862413,S2-254306205,S2-267099188,S2-268988303,S2-273826368,S2-2755526,S2-289088904,S2-303907139,S2-307709577,S2-310658389,S2-313198456,S2-321398182,S2-32748312,S2-327699705,S2-338750531,S2-350119768,S2-382925431,S2-385737547,S2-38951406,S2-415451156,S2-452774031,S2-455507910,S2-455560824,S2-463497906,S2-467752889,S2-483480832,S2-486150380,S2-507667778,S2-509606065,S2-528791681,S2-546190507,S2-548855568,S2-552912444,S2-557153705,S2-566152163,S2-568240374,S2-585316294,S2-592512342,S2-602453966,S2-609281890,S2-636743432,S2-640787618,S2-651799052
S1-843179540	S2-474099966,S2-264653067,S2-437941242,S2-929891113,S2-991925876,S3-411927854,S3-775857408,S2-109230300,S2-113036538,S2-140388449,S2-146259653,S2-153727478,S2-154263858,S2-163718764,S2-179735581,S2-181438357,S2-188082174,S2-231120759,S2-239602045,S2-253715533,S2-267885320,S2-27814998,S2-289103755,S2-292948374,S2-30431629,S2-304620297,S2-313255187,S2-33006491,S2-334790059,S2-336593878,S2-341033583,S2-342810496,S2-357020050,S2-362455035,S2-370349689,S2-375290924,S2-386120451,S2-399524894,S2-400238164,S2-407447370,S2-413071631,S2-427272851,S2-428737858,S2-429145943,S2-435290405,S2-442129835,S2-442620284,S2-442836199,S2-455743563,S2-491522833,S2-499332573,S2-51850778,S2-522989194,S2-535869661,S2-536021881,S2-55162843,S2-566377791,S2-574087772,S2-586455967,S2-589713669,S2-590715730,S2-599805613,S2-625653898,S2-628456486,S2-644802835,S2-648477888,S2-665835412,S2-667059245,S2-669603352,S2-673331825,S2-674680404,S2-681521737,S2-682435098,S2-691726460,S2-707693018
S1-322066165	S2-154397073,S2-161592048,S2-163493432,S2-185148108,S2-340176122,S2-452208391,S2-453321130,S2-519912199,S2-666612729,S2-679850198,S2-681565072,S2-761037233,S2-789711070,S2-826749078,S2-830797725,S2-847374839,S2-93542945,S2-955625648,S2-988714426,S2-991843540,S2-325626327,S2-521143288,S2-538352280,S2-655848451,S2-718283885,S2-761711780,S2-902910473,S2-9074052,S2-960414614,S3-173543094,S3-505045156,S3-546040219,S2-120601479,S2-159707100,S2-169221536,S2-173937774,S2-174510221,S2-190656528,S2-205786405,S2-208827929,S2-218930107,S2-236212510,S2-249935755,S2-252785014,S2-283367486,S2-316342125,S2-319272594,S2-331488686,S2-334146606,S2-353388456,S2-365161782,S2-369122504,S2-369595887,S2-404892963,S2-416559318,S2-425056104,S2-425635619,S2-426368302,S2-443823452,S2-454848725,S2-506794829,S2-512715378,S2-517933157,S2-542961065,S2-552536773,S2-558230226,S2-560098905,S2-564136133,S2-564573490,S2-57691543,S2-587243379,S2-594280346,S2-623145014,S2-629377847,S2-634792347
S1-426702569	S2-404206160,S2-592647644,S2-73964695,S2-906506977,S2-12601358,S2-130346990,S2-135325765,S2-185128751,S2-21031382,S2-2648477,S2-293432482,S2-396451815,S2-437259297,S2-447539281,S2-45977334,S2-505955681,S2-50738382,S2-524387008,S2-544253278,S2-602025455,S2-605667353,S2-637166151,S2-639055320,S2-668187916,S2-68640475,S2-686428227,S2-706456432,S2-708499514,S2-767371921,S2-779686484,S2-836363565,S2-855252578,S2-904251267,S2-926841117,S2-985193882,S2-103263245,S2-135629052,S2-147133919,S2-158406789,S2-158795437,S2-16139747,S2-239687747,S2-241994418,S2-248039049,S2-250165525,S2-267379002,S2-268800190,S2-277443131,S2-278389585,S2-281378850,S2-290050389,S2-290339179,S2-31612010,S2-328879342,S2-33362162,S2-349745364,S2-353576682,S2-355960249,S2-372944704,S2-408897691,S2-40891345,S2-424747839,S2-432351700,S2-440387716,S2-471791871,S2-475535224,S2-478502497,S2-480953808,S2-48491584,S2-498731748,S2-507700720,S2-52476817,S2-528006113,S2-52869504,S2-549372480
S1-941261133	S2-83203538,S3-738953043,S2-121611732,S2-139182951,S2-159965255,S2-170618511,S2-187338783,S2-212156626,S2-455178985,S2-480009101,S2-500656861,S2-62837207,S2-674796740,S2-798019999,S2-871018688,S2-876824000,S2-924058834,S2-924470584,S3-192129105,S3-800545368,S2-13522878,S2-138064520,S2-15488322,S2-157997908,S2-161694295,S2-165551292,S2-169670081,S2-173612566,S2-176488886,S2-184355168,S2-197809960,S2-202590570,S2-241849144,S2-250744226,S2-254285511,S2-269460078,S2-269565116,S2-270303407,S2-279747767,S2-304260237,S2-310604158,S2-325773050,S2-328135776,S2-340153823,S2-340825792,S2-345347471,S2-366742823,S2-380681409,S2-396182692,S2-426327229,S2-43357684,S2-442354270,S2-446512139,S2-450692777,S2-452023065,S2-45402458,S2-479604747,S2-489108502,S2-491187701,S2-514921013,S2-516236881,S2-532133884,S2-546377014,S2-548092011,S2-55264691,S2-565601193,S2-576617464,S2-580013467,S2-587915734,S2-589764171,S2-592393751,S2-59902177,S2-60234824,S2-646611557,S2-659704472
S1-680416224	S2-185564603,S2-302268368,S2-359842832,S2-430473040,S2-506728943,S2-536645743,S2-599594335,S2-672962011,S2-684884406,S2-756148508,S2-785185722,S2-9438984,S2-110790337,S2-115113550,S2-115737335,S2-123943047,S2-134385026,S2-137632643,S2-157369269,S2-163657037,S2-171278404,S2-177818424,S2-181720132,S2-188431899,S2-212225458,S2-21618733,S2-222155523,S2-23179608,S2-246337454,S2-25466737,S2-259388478,S2-260823587,S2-264897573,S2-266701076,S2-282837104,S2-284339595,S2-289246891,S2-310981676,S2-325481144,S2-329116046,S2-334587672,S2-345249354,S2-350783175,S2-358763828,S2-367372703,S2-376201415,S2-392003598,S2-393006395,S2-404994511,S2-411872274,S2-42308539,S2-432477371,S2-441839506,S2-443791162,S2-450385954,S2-454716892,S2-455209026,S2-459157771,S2-469710327,S2-472221691,S2-472902752,S2-496289135,S2-504176000,S2-505825485,S2-516449559,S2-520282974,S2-526093130,S2-526958838,S2-534382273,S2-536092847,S2-536502886,S2-536627511,S2-546063743,S2-551154983,S2-574055647
S1-867998778	S2-14940734,S2-158267007,S2-250840257,S2-252504575,S2-46620659,S2-475935334,S2-58348149,S2-607423444,S2-617029514,S2-636702130,S2-6675433,S2-687462113,S2-748545907,S2-849131246,S2-911358391,S2-222791096,S2-232725987,S2-235015904,S2-352506802,S2-375127840,S2-436655713,S2-510681841,S2-636132726,S2-653700700,S2-812620582,S2-951429204,S2-982086609,S2-109241421,S2-139163408,S2-145865332,S2-154094383,S2-154360565,S2-158622475,S2-168465743,S2-177795303,S2-191203160,S2-193548467,S2-216377044,S2-221008320,S2-228869624,S2-234679913,S2-237830480,S2-243159910,S2-245634974,S2-249637278,S2-257072324,S2-265672688,S2-280230962,S2-286397085,S2-287809257,S2-297739853,S2-298347589,S2-321626328,S2-329819864,S2-339678198,S2-34470530,S2-347931538,S2-35901226,S2-368157108,S2-386874190,S2-392351159,S2-424491271,S2-426839110,S2-428059760,S2-434468531,S2-437570258,S2-441849475,S2-45235504,S2-454539969,S2-469697497,S2-483700318,S2-512006212,S2-515446141,S2-522905040,S2-539679703
S1-402860122	S2-2663715,S2-334165023,S2-366383456,S2-396363349,S2-449506724,S2-539285404,S2-59557155,S2-637377097,S2-756842358,S2-766771984,S2-907656741,S2-922994370,S2-93251690,S2-101758959,S2-120808253,S2-121131683,S2-124836867,S2-12700146,S2-128261605,S2-135873359,S2-138015012,S2-142689507,S2-1596204,S2-164995161,S2-167150867,S2-173077234,S2-190615118,S2-198148534,S2-203087753,S2-20706199,S2-214041226,S2-214368071,S2-21550496,S2-223087612,S2-224538759,S2-230194903,S2-232466292,S2-23502104,S2-240222122,S2-247800567,S2-249053920,S2-254189423,S2-26034633,S2-265432610,S2-286532465,S2-287773545,S2-292856239,S2-321004917,S2-33000538,S2-332029215,S2-337763098,S2-340363156,S2-35418015,S2-356939493,S2-362804159,S2-363624347,S2-382068231,S2-400818155,S2-403241433,S2-403259620,S2-412899436,S2-415213346,S2-418402462,S2-41984173,S2-423655923,S2-437394945,S2-442809117,S2-44974220,S2-455423137,S2-47007701,S2-502131032,S2-503942386,S2-503956910,S2-511075994,S2-525698779
S1-175111461	S2-131872909,S2-482144229,S2-193995593,S2-286270410,S2-292552164,S2-403646565,S2-466147229,S2-474535244,S2-602532391,S2-612169234,S2-613343223,S2-623758944,S2-752081733,S2-822714622,S2-823434500,S2-850741800,S2-878448261,S2-916859477,S2-989158977,S2-102838962,S2-220392750,S2-279167566,S2-393592371,S2-48947979,S2-500759015,S2-579205794,S2-610833438,S2-618461207,S2-7717164,S2-812151277,S2-923845855,S2-108708849,S2-111647224,S2-11502667,S2-126230079,S2-128292052,S2-129302226,S2-129681770,S2-149586926,S2-174000,S2-197337973,S2-202818444,S2-207637722,S2-215630244,S2-243494879,S2-246142078,S2-265066277,S2-276190610,S2-276326449,S2-28192501,S2-282980515,S2-283760391,S2-296122292,S2-299340245,S2-303442156,S2-315631563,S2-344276402,S2-351124016,S2-362787544,S2-37050654,S2-37647186,S2-387782077,S2-39917524,S2-400834585,S2-40946342,S2-410329713,S2-413943080,S2-418213505,S2-426439815,S2-429308620,S2-431618347,S2-449985406,S2-472392747,S2-474346550,S2-476936883
S1-434607086	S2-827376942,S2-755429961,S2-105893955,S2-108019929,S2-118742548,S2-120901716,S2-134608597,S2-14534288,S2-149435314,S2-156201836,S2-15794635,S2-165056565,S2-168696402,S2-169316016,S2-184360109,S2-189854648,S2-198986747,S2-202384767,S2-215834055,S2-21668238,S2-222790204,S2-223117200,S2-246115455,S2-250469289,S2-256373300,S2-263662829,S2-266968989,S2-279166708,S2-279414263,S2-306146057,S2-313026470,S2-320437035,S2-329668835,S2-339142042,S2-346021632,S2-351736400,S2-354230116,S2-357244024,S2-35869662,S2-365587953,S2-374750542,S2-376576070,S2-380175887,S2-38242753,S2-387396381,S2-391048922,S2-391343838,S2-391448791,S2-394554163,S2-395995307,S2-412821705,S2-417405943,S2-423123374,S2-427953387,S2-437975198,S2-441964907,S2-444185024,S2-445281546,S2-45198890,S2-456130798,S2-474924251,S2-475457642,S2-509870273,S2-511989847,S2-538572856,S2-538666933,S2-541108343,S2-543474827,S2-546207599,S2-546440731,S2-55376559,S2-555324851,S2-564284081,S2-564778602,S2-568795804
S1-752379599	S2-102681747,S2-40951255,S2-538680925,S2-657247851,S2-722546324,S2-745866052,S2-126298015,S2-281639126,S2-314382436,S2-33138397,S2-341547834,S2-410104256,S2-437225848,S2-482733663,S2-528382317,S2-568849849,S2-607658864,S2-615450895,S2-652071861,S2-654385809,S2-676387300,S2-756913652,S2-758297997,S2-759333264,S2-772510495,S2-790885870,S2-801653460,S2-912936901,S2-927959175,S2-967175372,S2-98111760,S2-110460451,S2-120166832,S2-128623834,S2-137538337,S2-194961185,S2-197925714,S2-203983532,S2-221833212,S2-227661195,S2-228740405,S2-236285930,S2-241866203,S2-278562250,S2-281234043,S2-295200689,S2-297157717,S2-306905047,S2-333135339,S2-339233357,S2-376939341,S2-399288478,S2-416599594,S2-422191882,S2-458502885,S2-466397002,S2-478312353,S2-488055751,S2-497063649,S2-521201816,S2-552435073,S2-555663632,S2-564829794,S2-565692290,S2-580156627,S2-595288134,S2-600365296,S2-611201507,S2-616375903,S2-64709726,S2-651193091,S2-652005013,S2-653903485,S2-663344308,S2-672490528
S1-213733425	S2-118711971,S2-287391286,S2-31748589,S2-392378027,S2-512545013,S2-61908140,S2-754626886,S2-773180947,S2-100071141,S2-119151852,S2-125592213,S2-125777453,S2-128140277,S2-132127561,S2-13439889,S2-138864892,S2-157476955,S2-157656629,S2-163461395,S2-164758226,S2-167076970,S2-178839954,S2-183278279,S2-193990459,S2-196093376,S2-196204984,S2-197552327,S2-202774699,S2-206131287,S2-206539088,S2-210966077,S2-211793644,S2-216962542,S2-219736692,S2-221186533,S2-221878640,S2-232784264,S2-238744810,S2-239805380,S2-245215524,S2-247065176,S2-275351216,S2-281079599,S2-286652396,S2-290806129,S2-29106932,S2-291868119,S2-324630156,S2-328527372,S2-333776063,S2-343101909,S2-346706021,S2-347027765,S2-352691121,S2-353219614,S2-355932762,S2-377013911,S2-38463056,S2-402637820,S2-406998005,S2-407143279,S2-407177942,S2-425605688,S2-428861032,S2-442447046,S2-470411102,S2-479286153,S2-479535079,S2-480213427,S2-480671790,S2-483111879,S2-483382153,S2-504696342,S2-505041950,S2-514874183
S1-329026161	S2-149845283,S2-225998968,S2-304513888,S2-319401266,S2-538075272,S2-578101086,S2-691472617,S2-718063093,S2-736337457,S2-810514631,S2-130585632,S2-156827355,S2-384307484,S2-462144080,S2-888164278,S2-914600619,S2-102690272,S2-106546483,S2-111743792,S2-112154254,S2-127473583,S2-131617908,S2-141222641,S2-149853663,S2-151683776,S2-159466500,S2-161025622,S2-181387533,S2-191773467,S2-195741627,S2-210596993,S2-22407917,S2-232342549,S2-240041185,S2-242843040,S2-243708872,S2-25490139,S2-256233527,S2-265891158,S2-269024946,S2-271159373,S2-283352447,S2-28368771,S2-298000837,S2-307909074,S2-309296253,S2-322184820,S2-33619907,S2-337352218,S2-349447645,S2-357561196,S2-358578952,S2-361145708,S2-36420439,S2-372472455,S2-377071021,S2-388229128,S2-431726193,S2-439301386,S2-440849044,S2-446864114,S2-451526434,S2-488163711,S2-492332808,S2-501461489,S2-510577105,S2-521180185,S2-521742370,S2-524380787,S2-540168168,S2-540594017,S2-554168507,S2-560198199,S2-569042329,S2-574901082
S1-106307602	S2-140308377,S2-116608726,S2-122619875,S2-17860697,S2-225100350,S2-232805709,S2-256286125,S2-300559990,S2-364205413,S2-455869609,S2-517784434,S2-590829133,S2-673151003,S2-707823545,S2-743268245,S2-91953344,S2-928493776,S2-157392665,S2-274733291,S2-315504147,S2-412075301,S2-440819477,S2-499597718,S2-723382766,S2-728997290,S2-771496133,S2-804116852,S2-81613635,S2-928217474,S2-953301568,S3-721394838,S2-106912041,S2-141180056,S2-141277559,S2-1722538,S2-184741808,S2-188726759,S2-220336526,S2-231888175,S2-237416325,S2-243244211,S2-261272734,S2-27321549,S2-281191685,S2-285351863,S2-29866912,S2-316438347,S2-357901444,S2-460585657,S2-472151404,S2-474045012,S2-508309561,S2-511863033,S2-515786024,S2-533057243,S2-5341748,S2-549934801,S2-559719590,S2-580257416,S2-583461418,S2-583492953,S2-59761546,S2-598204861,S2-606551216,S2-631104870,S2-639823389,S2-663098623,S2-664007763,S2-677594823,S2-67993400,S2-693599933,S2-702050612,S2-703818581,S2-704800590,S2-722206336
S1-544555328	S2-267240175,S2-336904775,S2-120108590,S2-140997477,S2-15560897,S2-156977335,S2-168635527,S2-24340892,S2-247258270,S2-249961434,S2-263961963,S2-290968918,S2-310695874,S2-404908744,S2-416066829,S2-453500423,S2-499674346,S2-51415119,S2-548345033,S2-584740152,S2-633699921,S2-648968367,S2-721435717,S2-739003892,S2-745746599,S2-769223977,S2-847309950,S2-860651094,S2-991194031,S2-998950236,S2-100523613,S2-101992674,S2-108549169,S2-117260279,S2-126126745,S2-134159847,S2-137186551,S2-138296384,S2-139807830,S2-143974777,S2-145191221,S2-146944795,S2-160589418,S2-178100326,S2-179877419,S2-185984569,S2-206082608,S2-231503069,S2-238257070,S2-246183908,S2-249897717,S2-257177918,S2-272871042,S2-273206686,S2-290405221,S2-296122292,S2-303104701,S2-319471297,S2-319486370,S2-334537742,S2-351277453,S2-367290621,S2-375354038,S2-389255024,S2-390839610,S2-452569624,S2-460235469,S2-466018687,S2-473425954,S2-489974801,S2-503627798,S2-514851545,S2-521779424,S2-551043710,S2-567676199
S1-447199310	S2-186614082,S2-767099508,S2-110239007,S2-288641682,S2-31854557,S2-349416613,S2-617467150,S2-633236997,S2-721488232,S2-725319908,S2-765062079,S2-797329396,S2-883293442,S2-903243837,S2-963460450,S2-104209864,S2-116964471,S2-138611742,S2-339029624,S2-407948015,S2-452455336,S2-454352006,S2-45786294,S2-514024111,S2-552313955,S2-79591079,S2-838597294,S2-911361959,S2-912071501,S2-990682127,S2-101052971,S2-106393512,S2-117932914,S2-120376673,S2-121098883,S2-125677457,S2-127598915,S2-131852930,S2-135514958,S2-139046362,S2-13914941,S2-141003517,S2-141476122,S2-147686017,S2-154460322,S2-154777498,S2-15607402,S2-168230946,S2-174490340,S2-179369927,S2-190103839,S2-203282369,S2-207279708,S2-213244604,S2-222040197,S2-223927788,S2-227520813,S2-230931554,S2-232052698,S2-236410138,S2-249076924,S2-252469399,S2-25787219,S2-279160901,S2-284283681,S2-287039130,S2-292424912,S2-304914762,S2-310013653,S2-328064907,S2-337976540,S2-338198029,S2-345072242,S2-353111747,S2-354107699
S1-803297813	S2-318486847,S2-893931688,S3-547830535,S2-405361857,S2-905033052,S2-116936165,S2-117461401,S2-142041825,S2-161292409,S2-170402109,S2-171255805,S2-185240784,S2-188312474,S2-194033200,S2-203944670,S2-204766049,S2-221371541,S2-221438258,S2-247871764,S2-263937321,S2-265030135,S2-269285206,S2-275161114,S2-301753963,S2-324394958,S2-32513702,S2-330528168,S2-334040947,S2-343470398,S2-356701537,S2-365190867,S2-370953598,S2-408516271,S2-414876114,S2-422894611,S2-431144593,S2-437451880,S2-448793585,S2-467185031,S2-471578635,S2-474296354,S2-486936996,S2-497297045,S2-525990286,S2-535154938,S2-537680616,S2-55067262,S2-607934494,S2-637377286,S2-672734553,S2-712210587,S2-735279525,S2-741058932,S2-748044572,S2-75708052,S2-783607692,S2-803659234,S2-813006877,S2-818263172,S2-821174683,S2-821817856,S2-828901433,S2-872392953,S2-918591799,S2-923428470,S2-932850045,S2-941506004,S2-958429414,S2-963382523,S2-97249892,S2-991399200,S3-207544465,S3-820756349,S3-911599510
S1-192652606	S2-146498176,S2-221773264,S2-333710413,S2-344159907,S2-345434546,S2-370523559,S2-382657775,S2-392982714,S2-410888672,S2-453317682,S2-54240060,S2-557888640,S2-562017820,S2-61826705,S2-658524207,S2-705688860,S2-738229447,S2-876540783,S2-183669621,S2-214708899,S2-325561395,S2-618334398,S2-795281956,S2-868242102,S2-994914990,S2-10256028,S2-106408674,S2-113494915,S2-11376526,S2-116089378,S2-119638102,S2-131321237,S2-146714426,S2-148271108,S2-185818309,S2-214363183,S2-214822037,S2-224976712,S2-226086396,S2-22979336,S2-231298661,S2-252163094,S2-260815846,S2-264348856,S2-27053316,S2-275186739,S2-275759123,S2-278140976,S2-304483852,S2-317463167,S2-320005348,S2-32426804,S2-326573486,S2-342437574,S2-352769944,S2-373643323,S2-374761134,S2-375716814,S2-379401013,S2-386683111,S2-391627797,S2-393061441,S2-399619293,S2-423462732,S2-427065065,S2-431489570,S2-434468531,S2-443476229,S2-449259475,S2-460690249,S2-46105028,S2-475990360,S2-480030337,S2-484482476,S2-48823281
S1-398469911	S2-328077293,S2-409160277,S2-463582534,S2-61193469,S2-73683920,S2-803608580,S2-823596985,S2-103717249,S2-104433660,S2-127863482,S2-145125271,S2-151239353,S2-1518597,S2-169019522,S2-169636297,S2-171559295,S2-191032556,S2-202260762,S2-210653274,S2-234569286,S2-258829982,S2-259282683,S2-263125259,S2-278579827,S2-27914111,S2-279813235,S2-302773142,S2-302892918,S2-325750864,S2-331760608,S2-36859622,S2-428320379,S2-4571528,S2-460507257,S2-477922537,S2-478511876,S2-510855839,S2-530608853,S2-53737238,S2-554290378,S2-578322666,S2-581999805,S2-584901656,S2-597603876,S2-597630444,S2-601726595,S2-607459953,S2-618467109,S2-629762354,S2-655802340,S2-677980414,S2-700346777,S2-70799487,S2-742900423,S2-755139144,S2-792412777,S2-79829152,S2-839405953,S2-857114469,S2-859706116,S2-865452478,S2-883250903,S2-888400665,S2-89205631,S2-897157077,S2-926747630,S2-940201241,S2-998386064,S3-127547932,S3-244004133,S3-319472728,S3-321112019,S3-356396776,S3-366667733,S3-376451691
S1-193618187	S2-932603757,S3-106454164,S3-267029461,S3-942460482,S2-176830744,S2-184194100,S2-196681494,S2-217416902,S2-235806340,S2-251847850,S2-256091235,S2-263211326,S2-300451593,S2-305547668,S2-305857795,S2-313793232,S2-324077094,S2-325219187,S2-342976007,S2-358963447,S2-372120084,S2-416281591,S2-420756181,S2-447079764,S2-46104564,S2-489832151,S2-544399843,S2-549632876,S2-557535298,S2-571013791,S2-627634150,S2-641725400,S2-71311274,S2-713586482,S2-761083269,S2-778760918,S2-791199386,S2-793897921,S2-824447805,S2-828726837,S2-831411080,S2-84340774,S2-895339787,S2-917654705,S2-940784501
S1-585107938	S2-105898926,S2-186918703,S2-22775099,S2-253149229,S2-272524011,S2-351773656,S2-362329289,S2-390068896,S2-415834554,S2-534906411,S2-578267293,S2-599195929,S2-635779822,S2-680723758,S2-694064827,S2-867359249,S2-907307129,S2-915202445,S2-945085407,S2-982202753,S2-109325381,S2-156294327,S2-202693598,S2-252989755,S2-399292681,S2-411500333,S2-645121293,S2-761932607,S2-795166346,S2-102839892,S2-103824631,S2-120443301,S2-1237524,S2-123925970,S2-12427370,S2-136264028,S2-138546002,S2-148773290,S2-158344816,S2-162466262,S2-177460834,S2-18975235,S2-193935518,S2-19446393,S2-203299682,S2-221459341,S2-224469046,S2-245633733,S2-254183840,S2-257347344,S2-26229232,S2-269120652,S2-296423484,S2-300981153,S2-323024567,S2-337704248,S2-344633826,S2-346463221,S2-353834475,S2-364564842,S2-366210199,S2-370939715,S2-372163017,S2-3751299,S2-376936955,S2-377661194,S2-389317677,S2-407733663,S2-409769525,S2-410104119,S2-415319529,S2-428236266,S2-443543576,S2-444412919,S2-449790706
S1-318862606	S2-14069646,S2-155240683,S2-419605789,S2-459946441,S2-614260033,S2-606310128,S2-742364806,S2-787156895,S2-79881269,S2-830784518,S2-913773680,S2-102690272,S2-117311168,S2-117990536,S2-134697040,S2-138702507,S2-145782673,S2-150675117,S2-152335390,S2-159715162,S2-175623332,S2-179678892,S2-187907462,S2-193028929,S2-195817026,S2-198104522,S2-204389802,S2-224627523,S2-237317147,S2-249491949,S2-252135050,S2-257797170,S2-267681396,S2-276320872,S2-280744572,S2-280746211,S2-289145721,S2-296694454,S2-298639626,S2-300933001,S2-313291466,S2-31803332,S2-31971701,S2-327998650,S2-328493136,S2-331356296,S2-336055532,S2-344592914,S2-348650430,S2-36832195,S2-381355684,S2-388003115,S2-388041572,S2-388634027,S2-397720287,S2-401155628,S2-408755027,S2-41351969,S2-413596269,S2-427360557,S2-432031719,S2-436188253,S2-444249570,S2-461866533,S2-462579102,S2-469774927,S2-477885437,S2-479132192,S2-486417630,S2-488465773,S2-488915476,S2-498196063,S2-507541319,S2-509832800,S2-516757830
S1-448653123	S2-188588974,S2-256043546,S2-321553383,S2-339698363,S2-366556444,S2-372025054,S2-374364135,S2-625329863,S2-63815903,S2-668328676,S2-828366335,S3-758812225,S2-104201882,S2-107251149,S2-108297465,S2-11445101,S2-124697005,S2-144761093,S2-15802375,S2-16849424,S2-176002935,S2-190208592,S2-195775559,S2-197981160,S2-203130151,S2-229448185,S2-233994357,S2-246272051,S2-251381226,S2-253353614,S2-253690725,S2-258954364,S2-259031484,S2-260565263,S2-278024545,S2-278760409,S2-310656084,S2-311492520,S2-314159126,S2-318717152,S2-326074561,S2-335479107,S2-341464947,S2-349123922,S2-356172919,S2-360222067,S2-376987875,S2-394322159,S2-412652966,S2-432572808,S2-451335347,S2-45532541,S2-497518670,S2-508213567,S2-51870503,S2-555554527,S2-579806800,S2-586843999,S2-624352296,S2-624535280,S2-633331087,S2-63351290,S2-636927169,S2-643381779,S2-649905694,S2-652915642,S2-655483563,S2-685645264,S2-694441797,S2-697669232,S2-717191204,S2-717205181,S2-733906538,S2-742085482,S2-745311561
S1-694830809	S2-409001265,S2-960545687,S2-175914811,S2-548592444,S2-729615137,S2-767121491,S2-918034198,S2-107246720,S2-117263115,S2-132285599,S2-135780174,S2-137450529,S2-159176151,S2-160363547,S2-166423037,S2-167804820,S2-171878968,S2-189108025,S2-200486445,S2-201202331,S2-211490160,S2-215800805,S2-219946427,S2-244350859,S2-25312309,S2-253963791,S2-255466380,S2-256131275,S2-260115793,S2-266709898,S2-276815925,S2-281204647,S2-310838424,S2-328336587,S2-356612375,S2-364418542,S2-374189536,S2-391121019,S2-3914789,S2-412371265,S2-416326364,S2-42174988,S2-426921088,S2-4522328,S2-455861560,S2-472326593,S2-47255361,S2-473811606,S2-485445384,S2-494586641,S2-505255063,S2-527027076,S2-52898626,S2-533128556,S2-536022705,S2-586439220,S2-587448247,S2-591619119,S2-600783648,S2-611450243,S2-616512356,S2-621098539,S2-637935804,S2-639427829,S2-649251901,S2-659380683,S2-670029025,S2-696030441,S2-700702546,S2-709054074,S2-713886024,S2-721354460,S2-733881117,S2-735967048,S2-740802374
S1-904306643	S2-111529715,S2-120391369,S2-136200009,S2-274323360,S2-362132747,S2-488565793,S2-500096956,S2-536777587,S2-590757045,S2-658868799,S2-665981472,S2-70553451,S2-719884043,S2-727477424,S2-752641121,S2-824243201,S2-879041312,S2-196898762,S2-28971519,S2-296211902,S2-376219470,S2-439027362,S2-509400709,S2-512714993,S2-520641940,S2-605932298,S2-750070041,S2-781386852,S2-960871163,S2-108338720,S2-123459391,S2-166385937,S2-205440479,S2-22257325,S2-224250724,S2-262069900,S2-269654902,S2-278761266,S2-308167123,S2-310096981,S2-311730523,S2-312854049,S2-327340136,S2-336453778,S2-342889384,S2-34973697,S2-369558852,S2-401500260,S2-417432134,S2-42866706,S2-434399076,S2-441341822,S2-455653085,S2-471991282,S2-478240734,S2-478692310,S2-488499591,S2-48947979,S2-494590849,S2-516871248,S2-563161129,S2-576270141,S2-582279473,S2-585726411,S2-608976064,S2-626058699,S2-627990377,S2-630890287,S2-661269276,S2-680957882,S2-685027145,S2-689095179,S2-69418242,S2-738641698,S2-741255692
S1-219732879	S2-891547877,S3-672421404,S3-951840430,S3-970056610,S2-126370269,S2-161066742,S2-184333780,S2-193599911,S2-203228277,S2-330857317,S2-394783604,S2-436215730,S2-444532922,S2-454804170,S2-459481005,S2-47271040,S2-582261003,S2-629177481,S2-659774275,S2-789875995,S2-805226757,S2-888504943,S2-928483387,S2-94589401,S2-9967432,S3-149846883,S3-171521774,S3-543188019,S3-74339784,S3-80246912
S1-650696290	S2-135054174,S2-174768821,S2-315777802,S2-374700266,S2-387544986,S2-447869500,S2-472810834,S2-528957745,S2-536962022,S2-588171594,S2-907579758,S2-937479642,S3-549861869,S2-10875722,S2-146302947,S2-149909781,S2-152724355,S2-165664223,S2-16935293,S2-176181224,S2-182799609,S2-217868772,S2-22122302,S2-222361309,S2-228492684,S2-229634673,S2-234130616,S2-242265059,S2-278537155,S2-290759547,S2-297852561,S2-303853573,S2-333427819,S2-334224633,S2-341674651,S2-351149697,S2-353949876,S2-354555699,S2-364671975,S2-369291004,S2-379772449,S2-381152423,S2-382500675,S2-392102735,S2-41299385,S2-414418413,S2-419498297,S2-432548021,S2-435213309,S2-439040950,S2-444528389,S2-448734212,S2-454011651,S2-462250647,S2-471142391,S2-476051498,S2-479116977,S2-481679445,S2-494981530,S2-517865452,S2-548400968,S2-550707533,S2-55576058,S2-572439553,S2-600454601,S2-613527333,S2-618361692,S2-622037939,S2-632029587,S2-632738652,S2-648486116,S2-653091066,S2-69627056,S2-705483798,S2-706202138
S1-128350097	S2-221312772,S2-522197637,S2-268413508,S3-171876122,S3-541751359,S3-789545794,S2-103944713,S2-106756201,S2-126100779,S2-127544732,S2-135309516,S2-145622096,S2-166852652,S2-187002613,S2-194883375,S2-196149659,S2-240090240,S2-354359910,S2-368954504,S2-372413620,S2-389045682,S2-448643389,S2-458056952,S2-463506234,S2-50137464,S2-542155946,S2-559165005,S2-571991694,S2-58634162,S2-590359801,S2-598389714,S2-615070991,S2-616340290,S2-668867878,S2-67351354,S2-689589069,S2-702354298,S2-720669539,S2-728603641,S2-780161370,S2-790009195,S2-801798414,S2-846081722,S2-852419884,S2-892018162,S2-898414486,S2-905031412,S2-92422685,S2-930083408,S2-937052695,S2-962739267,S2-972542586,S2-974055230,S2-97481923,S2-97693235,S2-998219926,S3-224811942,S3-325783094,S3-329274205,S3-499246323,S3-509241577,S3-610731893,S3-744395050,S3-785613485,S3-807682831,S3-85420610,S3-8886979,S3-939995304,S3-976149568
S1-579996157	S2-161795968,S2-226618368,S2-361915905,S2-366868181,S2-674434910,S2-681437344,S2-773889990,S2-844882406,S2-889737897,S2-127616700,S2-188413481,S2-212122207,S2-221503827,S2-311331619,S2-311839266,S2-328644372,S2-403614135,S2-512497628,S2-543041615,S2-548505525,S2-660255517,S2-712400228,S2-738250965,S2-745809483,S2-749505030,S2-760461881,S2-770210328,S2-836831852,S2-924211626,S2-930896111,S2-953061289,S3-690341042,S2-10938428,S2-152952604,S2-172505255,S2-183571808,S2-183916060,S2-199058793,S2-212696798,S2-215717178,S2-218748450,S2-272326946,S2-274618878,S2-278413401,S2-308901052,S2-309558567,S2-311188021,S2-316433744,S2-325625227,S2-338652751,S2-344964967,S2-35057718,S2-371145717,S2-379940747,S2-39933201,S2-41027767,S2-466770762,S2-474442794,S2-483449704,S2-502946309,S2-507156574,S2-529893001,S2-531382433,S2-534124800,S2-5352671,S2-536199785,S2-53737238,S2-553111037,S2-554757929,S2-562842617,S2-590604060,S2-59950408,S2-60458825,S2-652194742,S2-659894506
S1-313448121	S2-368705680,S2-772356331,S2-126700325,S2-337295888,S2-338866041,S2-344591721,S2-447737527,S2-536174758,S2-574605032,S2-707575978,S2-74788404,S2-823617666,S2-842281516,S2-142963156,S2-213619717,S2-349123922,S2-358137861,S2-427947632,S2-535144047,S2-67731421,S2-693625724,S2-740148258,S2-808533307,S2-950559790,S2-991817650,S2-999204085,S2-100117042,S2-110929537,S2-114245361,S2-121009874,S2-136252621,S2-138707789,S2-139956244,S2-15957652,S2-177515355,S2-182818820,S2-185440588,S2-186791731,S2-189145680,S2-19598791,S2-200079889,S2-212630278,S2-222239433,S2-226555054,S2-23303572,S2-271053835,S2-299225035,S2-335101425,S2-352552540,S2-35528818,S2-363242159,S2-372693544,S2-377071021,S2-387699350,S2-392488244,S2-393613738,S2-405466933,S2-415719174,S2-416166886,S2-417071415,S2-433313598,S2-436990770,S2-441654618,S2-44666065,S2-473172781,S2-485157987,S2-490605517,S2-494767941,S2-523246332,S2-527244720,S2-54143783,S2-546876069,S2-555725950,S2-558053830,S2-559740726
S1-612950538	S2-155800084,S2-273046367,S2-414125922,S2-436347886,S2-443986173,S2-449388416,S2-591476146,S2-664482017,S2-704676976,S2-763453108,S2-77437268,S2-7760721,S2-783748032,S2-812902368,S2-845372583,S2-873247467,S2-924664206,S2-953208923,S3-40972739,S2-10585229,S2-114315320,S2-132356600,S2-14097617,S2-161258742,S2-164809139,S2-166057745,S2-168144245,S2-168998892,S2-180404257,S2-202313667,S2-205750653,S2-20726326,S2-212571161,S2-214488765,S2-222670025,S2-229565992,S2-23793272,S2-242481277,S2-256124661,S2-261656023,S2-279565611,S2-292383258,S2-298880265,S2-302080693,S2-308382861,S2-333070374,S2-366681110,S2-373668508,S2-37377899,S2-39860674,S2-4163551,S2-416857240,S2-417155376,S2-428549179,S2-429097956,S2-431029972,S2-433930240,S2-434009839,S2-434183212,S2-442644125,S2-460633487,S2-469123410,S2-475465105,S2-504494381,S2-509647899,S2-554076116,S2-558504285,S2-566699933,S2-567815482,S2-597306165,S2-599387279,S2-608437819,S2-612484345,S2-614048620,S2-617425717
S1-650879900	S2-421740262,S2-370426671,S3-416229334,S3-475076627,S2-259443177,S2-512680509,S2-819337872,S2-844212038,S2-930891307,S3-131654805,S3-918664470,S2-117613897,S2-137195561,S2-137671220,S2-152119441,S2-170887833,S2-171276915,S2-18824491,S2-21748602,S2-229537963,S2-232754145,S2-247310229,S2-250698304,S2-258812969,S2-2685244,S2-276557941,S2-284122582,S2-298820787,S2-312526178,S2-314844120,S2-326578990,S2-327666029,S2-327883649,S2-33281159,S2-338980499,S2-357949777,S2-377331592,S2-386295627,S2-386638224,S2-39339509,S2-412416670,S2-439887383,S2-45562742,S2-464992445,S2-466903809,S2-473433926,S2-474154320,S2-484095708,S2-486716034,S2-492846490,S2-493233722,S2-504727527,S2-510279974,S2-523911840,S2-541301274,S2-552789269,S2-56101015,S2-577812680,S2-583053214,S2-594968903,S2-640520700,S2-64307742,S2-676624140,S2-692349494,S2-705986812,S2-71193999,S2-721275887,S2-730178654,S2-755298269,S2-76151631,S2-805080339,S2-841506461,S2-844977252,S2-846013422,S2-882911617
S1-476097182	S2-557930788,S2-263574919,S2-50532854,S2-211485277,S2-452479411,S2-5699314,S2-658780785,S2-717205208,S2-882600717,S2-264414573,S2-457752903,S2-506627577,S2-528759947,S2-552856384,S2-558788546,S2-630574752,S2-69270245,S2-817741541,S2-926105685,S2-957414500,S2-964358877,S2-997676898,S2-111471529,S2-127398670,S2-14160639,S2-144336401,S2-157070723,S2-158470697,S2-163454528,S2-166034388,S2-18586015,S2-191761113,S2-200104302,S2-216237555,S2-225026757,S2-23201162,S2-26799411,S2-275467616,S2-293954065,S2-302419227,S2-334288060,S2-336250023,S2-339082031,S2-353517783,S2-354968553,S2-370507866,S2-370837729,S2-376706633,S2-386066607,S2-395934077,S2-399400691,S2-422966842,S2-432183065,S2-438856366,S2-440294420,S2-445751896,S2-451003731,S2-464948457,S2-465458849,S2-472431733,S2-475706495,S2-487710482,S2-495140582,S2-508968427,S2-509937094,S2-515540649,S2-527913460,S2-541334096,S2-545139539,S2-567523419,S2-576488523,S2-584026595,S2-602405775,S2-626055118,S2-646522191
S1-632088756	S3-44171274,S2-105855708,S2-355761663,S2-361784563,S2-459633919,S2-517981617,S2-936314661,S3-668907666,S2-129744423,S2-142441358,S2-159916765,S2-180876391,S2-215680798,S2-216477287,S2-229613594,S2-282866995,S2-285323762,S2-286314001,S2-293113336,S2-303677315,S2-313735033,S2-327717983,S2-368758852,S2-389047277,S2-398772727,S2-403276251,S2-442180541,S2-461454382,S2-515963441,S2-528474928,S2-536285966,S2-560946215,S2-562837696,S2-583740314,S2-595027939,S2-602304935,S2-641780050,S2-660708598,S2-688247667,S2-704342063,S2-711177369,S2-74103696,S2-773679335,S2-791152306,S2-800712069,S2-802835354,S2-817371882,S2-835613264,S2-859747218,S2-89082734,S2-921274499,S2-941328037,S2-961989190,S2-964523956,S2-988220171,S2-993749435,S3-156242228,S3-581108700
S1-330427971	S2-120368317,S2-266477739,S2-510441060,S2-103219541,S2-121579219,S2-166769139,S2-173917374,S2-180340932,S2-182744973,S2-191964218,S2-204798262,S2-206558068,S2-219471842,S2-24588077,S2-250579466,S2-254403266,S2-261867062,S2-262867235,S2-263086300,S2-267426149,S2-271687013,S2-278103950,S2-279986051,S2-284117033,S2-297263881,S2-331069880,S2-331477508,S2-332055982,S2-338968376,S2-349220862,S2-373822362,S2-380671216,S2-383767542,S2-383808683,S2-385693795,S2-390014353,S2-403037730,S2-426979088,S2-427519914,S2-433394469,S2-442175885,S2-442618540,S2-443769830,S2-455927366,S2-463146600,S2-472915844,S2-477951158,S2-480982953,S2-487303318,S2-494260341,S2-512809402,S2-513629166,S2-51842838,S2-523026800,S2-525338352,S2-539308101,S2-548683544,S2-549304170,S2-554424928,S2-554776207,S2-565519778,S2-575813071,S2-579161487,S2-586180427,S2-59919887,S2-636228752,S2-639450337,S2-647742467,S2-652054115,S2-661989100,S2-667537544,S2-667620668,S2-672105821,S2-673019853,S2-67622649
S1-997580527	S2-540673118,S2-839824103,S2-308669890,S2-382686301,S2-485274983,S2-527221085,S2-729773476,S3-822476660,S2-112816307,S2-15454748,S2-167648631,S2-172174901,S2-173065092,S2-175766371,S2-191032147,S2-191487457,S2-192947649,S2-207378759,S2-210017553,S2-221046857,S2-24341392,S2-254075268,S2-255798984,S2-270134298,S2-294953513,S2-308519331,S2-320983511,S2-32257105,S2-335546277,S2-337227639,S2-340069893,S2-34123906,S2-36951121,S2-393336968,S2-414748365,S2-415337393,S2-432534855,S2-437124125,S2-43944413,S2-439717179,S2-444447732,S2-456814865,S2-460650466,S2-468128213,S2-484069287,S2-490266618,S2-500654524,S2-506379276,S2-515629738,S2-515885810,S2-520674147,S2-52632563,S2-539381123,S2-545103086,S2-551922279,S2-561493264,S2-577316716,S2-584687229,S2-592499762,S2-618663818,S2-623841465,S2-627829439,S2-632413735,S2-656556380,S2-665078997,S2-666462624,S2-673786514,S2-6767040,S2-686480462,S2-68899217,S2-694452430,S2-69677204,S2-708254943,S2-718753429,S2-718868880
S1-892236833	S2-736348556,S2-740691268,S2-753046598,S2-371079433,S2-652698822,S3-689666892,S2-1276165,S2-166086652,S2-171986880,S2-18313083,S2-20372181,S2-215608101,S2-231147275,S2-235968252,S2-292077262,S2-313663613,S2-325441670,S2-327557564,S2-330414095,S2-378286176,S2-383146005,S2-385193530,S2-388406696,S2-394383210,S2-396268241,S2-4152124,S2-423271858,S2-43174029,S2-439672611,S2-483388850,S2-485732706,S2-489860287,S2-492026818,S2-517990614,S2-581167130,S2-587522982,S2-628450836,S2-637475868,S2-643757496,S2-658054931,S2-676108611,S2-677328882,S2-680723758,S2-68283080,S2-683029361,S2-687325870,S2-689330978,S2-692874477,S2-710809048,S2-740620605,S2-756822629,S2-771685137,S2-801514458,S2-834091569,S2-845705208,S2-849511479,S2-851488421,S2-877182348,S2-881936349,S2-906666692,S2-908151511,S2-913370867,S2-919667846,S2-920590735,S2-926115464,S2-931194989,S2-93204758,S2-933843127,S2-967695132,S2-984305497,S2-985956679,S2-986061691,S3-108102197,S3-169411678,S3-433939171
S1-557182088	S2-722006056,S3-260526660,S2-14925807,S2-159751795,S2-194344704,S2-210907492,S2-211912686,S2-218319067,S2-232488330,S2-275151030,S2-381052416,S2-425079407,S2-441983576,S2-460107134,S2-461565865,S2-526268807,S2-541080728,S2-671152685,S2-676986541,S2-705962222,S2-743284423,S2-773986669,S2-881178655,S2-883533350,S2-887573110,S2-986689821,S3-677679839,S2-108839238,S2-111809723,S2-130069226,S2-151609255,S2-164559428,S2-16831772,S2-172227502,S2-175945084,S2-176693096,S2-181280570,S2-209470732,S2-210408429,S2-217481128,S2-226284115,S2-226873246,S2-231930955,S2-234814021,S2-24182412,S2-245955822,S2-246145180,S2-265194074,S2-28171437,S2-316273873,S2-326298823,S2-339007365,S2-340753632,S2-348466075,S2-360730261,S2-366644471,S2-375366119,S2-391128167,S2-399093381,S2-400904157,S2-404631898,S2-414123566,S2-430492153,S2-432314862,S2-44995309,S2-452615404,S2-457941653,S2-486446065,S2-494637438,S2-504626050,S2-512773442,S2-517803002,S2-521061361,S2-5335863,S2-549413959
S1-450636499	S2-2785320,S2-310889064,S2-317986865,S2-340786070,S2-367682961,S2-484452861,S2-503347858,S2-554886397,S2-561199640,S2-602353889,S2-626012117,S2-683438089,S2-733596657,S2-759342715,S2-770612182,S2-391634774,S2-566548079,S2-685619150,S2-720590793,S2-120973360,S2-121849113,S2-132336613,S2-157603653,S2-163939134,S2-170961238,S2-183699168,S2-185045472,S2-198163085,S2-206499767,S2-223233556,S2-230535902,S2-252546059,S2-258085782,S2-26359493,S2-265900850,S2-271336881,S2-287334534,S2-304667963,S2-305424445,S2-314169444,S2-316856729,S2-341931214,S2-350787930,S2-362616628,S2-366305809,S2-366680673,S2-383111503,S2-383148775,S2-383709050,S2-39705888,S2-409171065,S2-418499808,S2-429657541,S2-444452024,S2-446896640,S2-468110433,S2-481381052,S2-496534436,S2-497118604,S2-504007655,S2-505269949,S2-514400007,S2-519781554,S2-522303350,S2-532388155,S2-540926914,S2-549881386,S2-562002347,S2-568866729,S2-57473027,S2-593290764,S2-598369688,S2-611382926,S2-623089777,S2-632127605
S1-109450074	S3-805634465,S2-715703278,S3-902224529,S2-104148734,S2-111630785,S2-116059050,S2-119727992,S2-139567339,S2-167511075,S2-180955239,S2-211775471,S2-217585962,S2-218188296,S2-220182491,S2-243135759,S2-259430522,S2-311931115,S2-350227253,S2-354868789,S2-393758176,S2-400688684,S2-401772985,S2-4058976,S2-418520663,S2-426501012,S2-431593082,S2-449916809,S2-455257457,S2-463968821,S2-46693854,S2-472624435,S2-475045754,S2-49662831,S2-513863197,S2-522645302,S2-534704760,S2-553421888,S2-581645566,S2-586138686,S2-590754336,S2-597027010,S2-601691587,S2-606592320,S2-619869478,S2-622752135,S2-630304756,S2-674981852,S2-690704940,S2-714821343,S2-724313676,S2-728471557,S2-759805888,S2-765638204,S2-773342676,S2-778859925,S2-798671,S2-846713489,S2-850600791,S2-854628588,S2-877919551,S2-879579356,S2-9025312,S2-916122723,S2-930719704,S2-932646225,S2-942727883,S2-945031913,S2-968432192,S2-971228266,S2-976730217,S2-978070385,S2-978105067,S2-980768901,S3-11433518,S3-136338819
S1-925859038	S2-176512196,S2-18307325,S2-198047442,S2-204561560,S2-221709823,S2-307868914,S2-381747268,S2-428415426,S2-510559879,S2-513515664,S2-540724632,S2-569907007,S2-614348283,S2-653106902,S2-659139265,S2-84825910,S2-915853082,S2-276330575,S2-296902666,S2-299186509,S2-351344079,S2-42857767,S2-447892968,S2-630894312,S2-731270311,S2-811484695,S2-905842764,S2-977699810,S2-166342178,S2-193643792,S2-198470059,S2-213619717,S2-227623392,S2-240570629,S2-263181204,S2-300268528,S2-301599555,S2-309007692,S2-320983511,S2-347133115,S2-352986236,S2-363242159,S2-364223322,S2-409166643,S2-412644676,S2-418259612,S2-424560120,S2-430113316,S2-443642964,S2-448248294,S2-455752306,S2-462987291,S2-464906317,S2-467526995,S2-489781846,S2-49139197,S2-494209048,S2-495217272,S2-496322946,S2-511703211,S2-513203899,S2-515720102,S2-521571428,S2-526357687,S2-540779038,S2-551634782,S2-553201776,S2-561679378,S2-570389182,S2-571440230,S2-571618880,S2-590024701,S2-595415883,S2-63273995,S2-659706112
S1-319998043	S2-194741763,S2-308971714,S2-313977688,S2-348093874,S2-456437720,S2-952053304,S2-963308709,S2-120559373,S2-134905811,S2-139518144,S2-146711048,S2-148260626,S2-154739339,S2-157351570,S2-179095524,S2-183146629,S2-199315717,S2-214156582,S2-22123690,S2-234282710,S2-2352538,S2-236834701,S2-237063636,S2-246357640,S2-24898655,S2-256335508,S2-256379422,S2-257400295,S2-259573549,S2-284994286,S2-286800129,S2-287531077,S2-295907193,S2-314923725,S2-315425877,S2-316618733,S2-328846939,S2-32884881,S2-338853492,S2-34587194,S2-375415029,S2-376666575,S2-399278436,S2-402597228,S2-414392921,S2-416996521,S2-417554982,S2-419491349,S2-442618540,S2-443242779,S2-45520246,S2-458287986,S2-458451058,S2-466347977,S2-466606088,S2-46699840,S2-475652190,S2-47581543,S2-480157688,S2-48866343,S2-490775291,S2-494037183,S2-509283799,S2-511315244,S2-519008224,S2-520636761,S2-532890359,S2-535763881,S2-550228245,S2-554114373,S2-558750626,S2-56133264,S2-580411768,S2-584015234,S2-604491383
S1-757078074	S2-765988822,S2-10209621,S2-160320112,S2-180767770,S2-182324514,S2-192460261,S2-20800255,S2-216203684,S2-244679750,S2-253652693,S2-259670645,S2-310571791,S2-390774108,S2-399385561,S2-405262903,S2-406064070,S2-43406641,S2-446616201,S2-447777412,S2-477962570,S2-486020408,S2-489533379,S2-49546453,S2-504565202,S2-524162364,S2-526323203,S2-52752982,S2-528748717,S2-554059857,S2-563678315,S2-579410185,S2-591454988,S2-637189445,S2-681747651,S2-696141758,S2-703542756,S2-712241155,S2-734848019,S2-780669232,S2-781821821,S2-789161648,S2-814671166,S2-822400843,S2-846236196,S2-86887106,S2-868998707,S2-892189537,S2-899056315,S2-900975592,S2-926754003,S2-957487735,S2-977831806,S2-990316229,S3-485570716,S3-534403465,S3-834343867
S1-961351838	S2-469698370,S2-758502039,S2-861132068,S2-940078956,S3-102679277,S3-226337568,S2-103011240,S2-117041640,S2-121253507,S2-12970251,S2-139157293,S2-142142252,S2-142271329,S2-16858643,S2-174609481,S2-176756513,S2-177471665,S2-189888259,S2-197450666,S2-201331212,S2-209094926,S2-210742012,S2-218386388,S2-218598097,S2-219374527,S2-228567244,S2-231237319,S2-234380287,S2-238454171,S2-244693640,S2-246621020,S2-249434995,S2-249459273,S2-260232858,S2-268415288,S2-274955005,S2-303148353,S2-30769224,S2-309561640,S2-309684220,S2-312842879,S2-313716862,S2-319487236,S2-326622931,S2-344408497,S2-348990518,S2-35469090,S2-355461872,S2-35672280,S2-356859214,S2-36564437,S2-384330461,S2-398026526,S2-398570650,S2-398659226,S2-402878740,S2-407432333,S2-413173439,S2-417588661,S2-420046138,S2-422493940,S2-426926916,S2-432610554,S2-445613609,S2-449663537,S2-449738851,S2-454522940,S2-454996747,S2-457364096,S2-460545987,S2-467050346,S2-46821711,S2-476229984,S2-477612312,S2-481306942
S1-876916368	S2-120958253,S2-210717517,S2-222024725,S2-2567647,S2-276160279,S2-420291012,S2-472530538,S2-503045539,S2-518525663,S2-556451,S2-577275672,S2-640284162,S2-642768798,S2-654784858,S2-677289558,S2-68205814,S2-82856803,S2-929993769,S2-934922347,S2-186861348,S2-406417949,S2-416793407,S2-688592967,S2-727587807,S2-751383916,S2-928965703,S2-943123910,S2-16781957,S2-177804281,S2-182727466,S2-183361244,S2-188812789,S2-202865833,S2-215164855,S2-222608711,S2-247585049,S2-267535366,S2-288640767,S2-301219117,S2-351096562,S2-370635933,S2-386235144,S2-388698583,S2-41936839,S2-4308479,S2-453572513,S2-460301822,S2-470765700,S2-484254998,S2-497239235,S2-507361659,S2-522929772,S2-526936175,S2-555771119,S2-571375645,S2-590240690,S2-611666106,S2-627449466,S2-639976590,S2-641055504,S2-662696470,S2-662779982,S2-669512922,S2-734969905,S2-771562363,S2-780123305,S2-787462836,S2-789881006,S2-86462797,S2-870669435,S2-875681520,S2-879985689,S2-884414078,S2-891716428,S2-899351345
S1-340781155	S2-246534162,S2-314925002,S2-329256726,S2-471156571,S2-487803690,S2-592064369,S2-626546137,S2-684014035,S2-831625227,S2-840733107,S2-841227826,S2-979515993,S2-103522814,S2-114313558,S2-115249414,S2-132555292,S2-135957129,S2-141427427,S2-141841779,S2-153133067,S2-162417675,S2-163482996,S2-199141006,S2-199484519,S2-199787879,S2-200461161,S2-210842484,S2-21980247,S2-223176013,S2-229473168,S2-230214059,S2-23179608,S2-231957758,S2-236766919,S2-239346731,S2-25136748,S2-252598928,S2-273077651,S2-275404449,S2-28413258,S2-284288219,S2-285483069,S2-286481372,S2-29074735,S2-294486514,S2-297457470,S2-305666391,S2-309215976,S2-310476627,S2-311552287,S2-315813207,S2-318245088,S2-325833031,S2-34628070,S2-358006176,S2-359152549,S2-362315417,S2-362393951,S2-370387717,S2-379118065,S2-392521365,S2-395396363,S2-395810184,S2-401322896,S2-409250636,S2-411042593,S2-411550363,S2-411616948,S2-423500510,S2-424006414,S2-427443835,S2-436939201,S2-4422453,S2-443910732,S2-452683435
S1-627975754	S2-278997867,S2-394312797,S2-517140140,S2-631555257,S2-893657382,S2-899773860,S2-128263317,S2-16977683,S2-173613154,S2-203661094,S2-302323470,S2-317848485,S2-333458872,S2-450766897,S2-463017727,S2-480069462,S2-482452040,S2-493278380,S2-493730592,S2-508702969,S2-557152251,S2-609618216,S2-641930621,S2-664466427,S2-689151299,S2-714728611,S2-727372221,S2-730675892,S2-883194048,S2-9312629,S2-938633265,S2-102498686,S2-105538271,S2-108573218,S2-114121811,S2-117194440,S2-121052016,S2-128098162,S2-161990650,S2-16231589,S2-187781671,S2-196336301,S2-211387928,S2-212582677,S2-212929299,S2-214704258,S2-216316401,S2-228074801,S2-232835407,S2-241772806,S2-24851235,S2-253764265,S2-256302731,S2-267807745,S2-271187938,S2-281807172,S2-283360004,S2-283958086,S2-285306463,S2-286428411,S2-294062168,S2-298527531,S2-299391923,S2-302409040,S2-315577434,S2-32430904,S2-324491984,S2-325955351,S2-327371952,S2-330974473,S2-351253529,S2-355194499,S2-367690601,S2-387449880,S2-398837795
S1-745738595	S2-120215656,S2-17360295,S2-187514897,S2-222540081,S2-335124172,S2-416568090,S2-442447046,S2-581279921,S2-64589483,S2-649938200,S2-678818787,S2-692850168,S2-731313495,S2-793153206,S2-861097596,S2-918237624,S2-94870785,S2-955285209,S2-981453578,S2-10326153,S2-103707394,S2-104830209,S2-117930452,S2-121795405,S2-131396573,S2-133044236,S2-142086857,S2-144009399,S2-146797073,S2-155550552,S2-162446634,S2-163887487,S2-190553331,S2-193383255,S2-197730914,S2-206634437,S2-207885029,S2-211872713,S2-214483376,S2-23415823,S2-237497049,S2-247884174,S2-249615764,S2-250495000,S2-257275556,S2-282247919,S2-30091746,S2-308391949,S2-311789004,S2-316196726,S2-318846796,S2-333982104,S2-353219614,S2-353638829,S2-36189361,S2-363735773,S2-388583096,S2-408023487,S2-411289103,S2-415108091,S2-431547534,S2-446847225,S2-462926441,S2-484849029,S2-492669899,S2-50626075,S2-512976941,S2-517825097,S2-522175915,S2-531196241,S2-537400702,S2-543725336,S2-545949078,S2-546445623,S2-548576043
S1-221756656	S2-580609242,S3-830351025,S3-38918704,S2-121079149,S2-125497958,S2-13165280,S2-132188747,S2-159816167,S2-184068436,S2-207903031,S2-211513295,S2-222098687,S2-242380548,S2-244014830,S2-28488656,S2-29067270,S2-330793449,S2-336605046,S2-343587546,S2-35084800,S2-360645668,S2-362787860,S2-371188945,S2-376540626,S2-37697328,S2-390522740,S2-399872016,S2-414519646,S2-441976143,S2-457861200,S2-470488052,S2-489276960,S2-506973016,S2-513462596,S2-51555053,S2-547490682,S2-597747979,S2-63526458,S2-643269839,S2-655206055,S2-682814350,S2-697589534,S2-698772845,S2-699928990,S2-718586051,S2-736042244,S2-736504223,S2-738595618,S2-763780554,S2-8204808,S2-820530357,S2-826627074,S2-835644276,S2-841112062,S2-84231025,S2-872330486,S2-88188079,S2-909163526,S2-916021995,S2-945639375,S2-968951228,S3-278120232,S3-321375119,S3-465221796,S3-49608508
S1-234478198	S2-559011117,S2-788819275,S2-123444673,S2-19886414,S2-227285075,S2-244656414,S2-259047515,S2-295284856,S2-295754850,S2-297935843,S2-397044911,S2-443316614,S2-496969458,S2-544324532,S2-589493846,S2-617432432,S2-706004407,S2-718184982,S2-730309699,S2-835188254,S2-851605020,S2-858554976,S2-901873169,S2-905350817,S2-913368606,S2-940721661,S2-983411135,S2-985038739,S2-999120890,S2-116944637,S2-135269222,S2-141022988,S2-145833230,S2-153233188,S2-155651763,S2-158175774,S2-160822737,S2-170794387,S2-196602190,S2-20674464,S2-220790146,S2-223470618,S2-225475818,S2-234216350,S2-24327003,S2-244852261,S2-246829789,S2-255933185,S2-267765555,S2-270959354,S2-275873380,S2-288811747,S2-290736823,S2-295081074,S2-301633725,S2-305947132,S2-318670652,S2-324803811,S2-343352659,S2-347362238,S2-357019261,S2-378414116,S2-390323013,S2-406690760,S2-411596267,S2-423627642,S2-446952801,S2-450215140,S2-450340846,S2-457901182,S2-471630015,S2-474839273,S2-491660019,S2-497560951,S2-515969875
S1-154182001	S2-818625585,S2-230033349,S2-247485274,S2-58887015,S2-334279257,S2-536862358,S2-794132402,S2-862394450,S2-882284935,S3-218931180,S3-245858963,S3-441084163,S3-820644554,S2-118625194,S2-126896976,S2-133059574,S2-151426592,S2-154655572,S2-161160755,S2-202910951,S2-231447033,S2-253274647,S2-265891218,S2-273118074,S2-302219072,S2-31027742,S2-311204736,S2-312075837,S2-337572515,S2-360326943,S2-371172838,S2-372292350,S2-407718820,S2-417269575,S2-428899461,S2-486159243,S2-502038605,S2-53056518,S2-548166283,S2-555394772,S2-558073721,S2-587129375,S2-602271308,S2-609292694,S2-616866403,S2-630970868,S2-645138790,S2-654990021,S2-672884591,S2-673822670,S2-679212931,S2-712777388,S2-71621081,S2-722183594,S2-725105660,S2-725945615,S2-746061369,S2-752646697,S2-765302421,S2-810915319,S2-826516454,S2-834353592,S2-875461623,S2-91426752,S2-932169977,S2-941130626,S2-943189897,S2-964460922,S2-9962270,S3-237559683,S3-270713012,S3-392705831,S3-493553772,S3-619322241,S3-641761079
S1-41261675	S2-273750886,S2-112909029,S2-1991586,S2-385546680,S2-405548389,S2-80227119,S3-670469055,S3-905583106,S2-106096158,S2-139585070,S2-156046473,S2-170324136,S2-225004731,S2-238730826,S2-243437475,S2-258201981,S2-266088151,S2-270306742,S2-302228900,S2-34002281,S2-36339396,S2-382472567,S2-392861919,S2-394165628,S2-408433160,S2-44161699,S2-443482339,S2-451912947,S2-483926309,S2-485494170,S2-492580706,S2-497446533,S2-506407741,S2-511725127,S2-519546835,S2-530679491,S2-538144978,S2-558675796,S2-56870536,S2-571574428,S2-576591750,S2-591364148,S2-599967184,S2-610833438,S2-657478377,S2-657591388,S2-667107512,S2-683730928,S2-684363285,S2-699587297,S2-705118017,S2-707709841,S2-709656271,S2-710393491,S2-725206393,S2-731789486,S2-732182843,S2-736996381,S2-737745236,S2-744926032,S2-745509675,S2-752191188,S2-753223983,S2-784849034,S2-787819112,S2-788928763,S2-795736418,S2-819995833,S2-849522794,S2-858454068,S2-858554963,S2-85955886,S2-865788214,S2-871695908,S2-877863918
S1-949002960	S2-201829232,S2-203163707,S2-253226297,S2-260165131,S2-278352906,S2-332014708,S2-372953173,S2-437309128,S2-438615065,S2-459292686,S2-475564547,S2-514992884,S2-532321570,S2-57549688,S2-694466866,S2-727014921,S2-879392749,S2-144998059,S2-290405221,S2-355924537,S2-378683103,S2-424613319,S2-44568696,S2-455863989,S2-494204156,S2-502641155,S2-556870479,S2-82438992,S2-986595928,S2-10988128,S2-123326408,S2-129920846,S2-133047710,S2-134822749,S2-146480855,S2-151141339,S2-156302722,S2-194790315,S2-195112430,S2-200065074,S2-200288435,S2-252681357,S2-279522103,S2-287715033,S2-290878658,S2-290947816,S2-316215063,S2-331525470,S2-332860870,S2-349821189,S2-369521935,S2-373096673,S2-384209973,S2-385560657,S2-386405280,S2-402689745,S2-409306514,S2-437326681,S2-445563806,S2-464375692,S2-485458896,S2-485613234,S2-500864221,S2-506860012,S2-514877787,S2-519708403,S2-529659588,S2-530303825,S2-536186971,S2-536392042,S2-558016363,S2-570024277,S2-577831220,S2-590137443,S2-596269319
S1-159871837	S2-233123309,S2-249491949,S2-378920632,S2-387030912,S2-507486280,S2-509832800,S2-574940993,S2-828032594,S2-134418223,S2-152104891,S2-200440168,S2-21052992,S2-225678839,S2-251801731,S2-2600373,S2-285912142,S2-303379457,S2-36835526,S2-412652966,S2-41330550,S2-498106783,S2-557744079,S2-579935875,S2-607897017,S2-810070074,S2-811426545,S2-836895335,S2-97436758,S2-987279589,S2-102169048,S2-104410319,S2-10993521,S2-115874728,S2-118404586,S2-133231514,S2-145731295,S2-172658422,S2-174208835,S2-190748424,S2-192355332,S2-201761187,S2-209113147,S2-215820134,S2-223475014,S2-225746664,S2-22847673,S2-238564024,S2-272007112,S2-287588845,S2-290099376,S2-295254551,S2-303251638,S2-304138260,S2-305160281,S2-306271845,S2-307251823,S2-318171941,S2-318978482,S2-319733350,S2-343534362,S2-359270022,S2-37260641,S2-383718408,S2-386881464,S2-420605822,S2-447670576,S2-45735977,S2-459107455,S2-460821959,S2-480335394,S2-484724797,S2-487510583,S2-520250267,S2-529097317,S2-548273591
S1-109666175	S2-221335942,S2-327597967,S2-339301205,S2-535184437,S2-683434737,S2-701210536,S2-11339264,S2-133728510,S2-139957652,S2-303043488,S2-30318538,S2-328219163,S2-384924518,S2-41387232,S2-436588150,S2-443609006,S2-472458544,S2-523332136,S2-563951773,S2-671332575,S2-6925280,S2-771171791,S2-807165996,S2-823799724,S2-827561989,S2-963133697,S2-993643623,S2-103329141,S2-108119815,S2-127549585,S2-131072791,S2-138042011,S2-170063125,S2-19166803,S2-197078119,S2-199016213,S2-216282532,S2-218584045,S2-227667841,S2-233481043,S2-234190927,S2-235260436,S2-236724757,S2-237250133,S2-243202327,S2-25165380,S2-260669469,S2-26749430,S2-268842217,S2-269540715,S2-271941167,S2-272850219,S2-276671360,S2-281225913,S2-2930608,S2-293546595,S2-295376311,S2-31149994,S2-317752684,S2-328743987,S2-338015944,S2-345307034,S2-350511320,S2-356076923,S2-356102704,S2-362561525,S2-37214374,S2-379370182,S2-385338869,S2-39459275,S2-41578847,S2-429626333,S2-432802674,S2-443880822,S2-452527816
S1-42246345	S2-108255546,S2-109147488,S2-171172645,S2-287300820,S2-42768325,S2-466380342,S2-467281480,S2-529101052,S2-628817558,S2-769049714,S2-814557757,S2-863476565,S2-97043292,S2-176093072,S2-29907444,S2-352901282,S2-481251825,S2-551793991,S2-633288928,S2-654872257,S2-680654058,S2-69571625,S2-705196574,S2-816647630,S2-949399893,S2-107590214,S2-125304979,S2-150882117,S2-152040231,S2-152512021,S2-153427814,S2-171149046,S2-199425487,S2-21864257,S2-22242134,S2-230014194,S2-236466687,S2-244688510,S2-251593538,S2-252660172,S2-253201915,S2-253384554,S2-253458177,S2-256692563,S2-262911264,S2-263404147,S2-285805373,S2-289842866,S2-29108033,S2-296435134,S2-299482039,S2-303778565,S2-304296044,S2-307451926,S2-330620265,S2-333586801,S2-34393485,S2-359362748,S2-363249020,S2-364713980,S2-371845822,S2-386208128,S2-393563842,S2-395224338,S2-407752629,S2-46620659,S2-478861553,S2-484254734,S2-488038615,S2-499854896,S2-512551173,S2-539457647,S2-564777969,S2-571424269,S2-576600679
S1-555507211	S3-740926425,S2-103742877,S2-308955398,S2-585242375,S2-854728710,S3-936751003,S2-130717496,S2-135426777,S2-177518642,S2-188031085,S2-194890501,S2-209044866,S2-210108131,S2-212064106,S2-22086037,S2-221142857,S2-232088357,S2-234121776,S2-250349999,S2-253394925,S2-256327389,S2-263737872,S2-272349188,S2-292840173,S2-303125930,S2-333104902,S2-360231697,S2-368206271,S2-38835734,S2-426612196,S2-46382966,S2-469594480,S2-475068383,S2-477045725,S2-477187192,S2-480568845,S2-552601374,S2-553420507,S2-5878668,S2-597059093,S2-612431979,S2-691652127,S2-69793509,S2-701875829,S2-709481834,S2-725579394,S2-751171550,S2-775094590,S2-78147561,S2-791584586,S2-799234782,S2-799322686,S2-809548137,S2-812470869,S2-820166600,S2-842648727,S2-846053029,S2-847082361,S2-849681690,S2-861661800,S2-919847165,S2-920620165,S2-925251991,S2-928190294,S2-937042379,S2-951686515,S2-957489828,S2-987858586,S3-101331316,S3-128580755,S3-239445371,S3-242830391,S3-255341637,S3-284910643,S3-320511154
S1-141784862	S2-319000823,S2-403866254,S2-490782056,S2-512998102,S2-779459923,S2-832753668,S2-86143824,S2-943707831,S2-215434050,S2-236005927,S2-267854343,S2-277441119,S2-287196227,S2-297054995,S2-343740419,S2-365054083,S2-375932897,S2-393699732,S2-403497082,S2-414947588,S2-463025374,S2-463307501,S2-488991795,S2-588857397,S2-598641101,S2-626819424,S2-627013473,S2-649172581,S2-768010590,S2-801804051,S2-818468566,S2-851555138,S2-907048910,S2-928962867,S2-962124778,S2-107540276,S2-115190007,S2-211216360,S2-232700760,S2-236683080,S2-238481656,S2-241337791,S2-242262959,S2-259523997,S2-283273938,S2-28695883,S2-298732507,S2-302291892,S2-30318972,S2-317006997,S2-327707439,S2-337624635,S2-355115294,S2-375479293,S2-385058321,S2-40386789,S2-408310219,S2-41554517,S2-434969757,S2-438806878,S2-442397226,S2-446157837,S2-450419895,S2-463859368,S2-474234330,S2-490305039,S2-524542134,S2-585568407,S2-592223734,S2-601185190,S2-659142859,S2-672519826,S2-675428560,S2-700082417,S2-70464276
S1-174146241	S2-138434987,S2-154917458,S2-191800071,S2-287104644,S2-315291297,S2-34422296,S2-371168439,S2-483048784,S2-547718723,S2-570577432,S2-62315810,S2-636826764,S2-643256960,S2-794582173,S2-852222787,S2-184257308,S2-185199099,S2-304449280,S2-482785954,S2-589485083,S2-834537601,S2-864082752,S2-917977120,S2-952832530,S2-105273366,S2-111161708,S2-152524263,S2-157598525,S2-164513132,S2-172745464,S2-174401092,S2-180638206,S2-18419358,S2-194598507,S2-198229539,S2-216322616,S2-224924655,S2-241464589,S2-255152823,S2-259036724,S2-275710889,S2-286415765,S2-321886423,S2-331953938,S2-332108079,S2-339106380,S2-35770533,S2-36962093,S2-39187746,S2-395921475,S2-407948015,S2-417881232,S2-423425417,S2-427346802,S2-435618430,S2-445617934,S2-473533690,S2-499218989,S2-529402629,S2-531828115,S2-534352483,S2-542054333,S2-549942721,S2-558530282,S2-563158163,S2-565295384,S2-57595720,S2-575990209,S2-590318747,S2-605008497,S2-609769408,S2-633037498,S2-671252395,S2-689427508,S2-692710160
S1-445742098	S2-959822393,S3-509812384,S3-625688924,S2-124636250,S2-17250768,S2-181298533,S2-216489305,S2-238122434,S2-281442093,S2-285658390,S2-301048152,S2-305646088,S2-309203062,S2-456474501,S2-527468131,S2-655683077,S2-659416761,S2-747008315,S2-759262097,S2-835048634,S2-840525086,S2-876576937,S2-880852207,S2-907343647,S2-971529063,S2-997149017,S3-11752980,S3-516890906,S3-622640121,S3-627993123,S3-801034997,S3-960862503,S2-105842144,S2-111382153,S2-126157760,S2-163140775,S2-193988278,S2-194476189,S2-203866677,S2-217009276,S2-255389990,S2-260428122,S2-27064688,S2-272923611,S2-314367558,S2-321219807,S2-362340309,S2-385264441,S2-483241809,S2-504317833,S2-511866964,S2-531239688,S2-534358704,S2-549866100,S2-620474049,S2-637472617,S2-651221914,S2-654631767,S2-67827624,S2-690164045,S2-696094904,S2-696755841,S2-745774782,S2-750859029,S2-7809937,S2-79586117,S2-796317827,S2-810650097,S2-818065291,S2-820729531,S2-83254987,S2-847076055,S2-853035092,S2-866868584,S2-920981642
S1-937889575	S2-104846532,S2-219762117,S2-108012694,S2-128639384,S2-132267947,S2-211057937,S2-323111967,S2-325496625,S2-33679081,S2-364297781,S2-491819847,S2-535899400,S2-556774184,S2-60874215,S2-662371711,S2-683539269,S2-791239246,S2-792773079,S2-913023405,S2-937835863,S2-110827776,S2-111922819,S2-113472583,S2-117445948,S2-146423052,S2-165319310,S2-166230351,S2-170102702,S2-185933231,S2-19068839,S2-191667535,S2-211706346,S2-213544828,S2-214071259,S2-217266737,S2-224676525,S2-230218706,S2-239031287,S2-242063332,S2-242294110,S2-253128039,S2-262286441,S2-264811770,S2-267176640,S2-268930033,S2-292286818,S2-305982850,S2-31891241,S2-322260050,S2-323656597,S2-32369281,S2-324066513,S2-325056698,S2-328855523,S2-336347204,S2-339349981,S2-339894153,S2-351643471,S2-375877802,S2-381287056,S2-385329728,S2-387222645,S2-390461035,S2-420888943,S2-431880820,S2-435157450,S2-437367225,S2-437487280,S2-439634363,S2-454032036,S2-479733400,S2-482535695,S2-483326217,S2-48687403,S2-494122582
S1-307581912	S2-154748611,S2-158148731,S2-359436949,S2-361106878,S2-400331078,S2-43542767,S2-436130884,S2-494716950,S2-496777850,S2-51461972,S2-520980817,S2-525266294,S2-609463340,S2-665947390,S2-737379840,S2-755310028,S2-758846850,S2-785246262,S2-791318088,S2-868473561,S2-898290445,S2-924736315,S2-968247805,S2-980832535,S2-121730839,S2-135457379,S2-139428297,S2-143837749,S2-149007375,S2-158620714,S2-17085437,S2-183431385,S2-196156789,S2-22424180,S2-233956127,S2-235883208,S2-24047548,S2-259664176,S2-271292984,S2-281053511,S2-292977990,S2-294024652,S2-31225266,S2-314750072,S2-320255783,S2-326962030,S2-334885460,S2-346252185,S2-354071789,S2-365353207,S2-379473666,S2-398929599,S2-400825940,S2-415487838,S2-416398728,S2-41912170,S2-42942987,S2-433761212,S2-436188253,S2-436520623,S2-437922624,S2-443642964,S2-465450113,S2-468514169,S2-470399333,S2-48043567,S2-488895234,S2-499452658,S2-499708029,S2-514376446,S2-550735999,S2-553436186,S2-553722927,S2-556618013,S2-558075412
S1-612342775	S2-164118721,S2-275234184,S2-285482274,S2-341966681,S2-369574516,S2-445877107,S2-454547723,S2-623270683,S2-628503825,S2-677757521,S2-822978972,S2-10119839,S2-161213241,S2-463914306,S2-482665954,S2-515272175,S2-571027021,S2-666198782,S2-788694797,S2-809023948,S2-981505082,S2-101081975,S2-102757842,S2-123254024,S2-123336377,S2-124607697,S2-128775574,S2-139737054,S2-142892286,S2-152060439,S2-160677607,S2-16445234,S2-180299877,S2-193952876,S2-194639163,S2-205210770,S2-209716762,S2-218464378,S2-236901128,S2-244606480,S2-257778377,S2-271205523,S2-273003168,S2-294168271,S2-299486368,S2-310147058,S2-312378778,S2-318550556,S2-334658504,S2-334928044,S2-336880119,S2-346445797,S2-350486565,S2-351803204,S2-360893089,S2-394554769,S2-415733261,S2-44162524,S2-448394183,S2-451003731,S2-467713198,S2-468782642,S2-46940689,S2-470610185,S2-490170095,S2-492015688,S2-501429295,S2-505001556,S2-505678788,S2-513858939,S2-518413297,S2-519706537,S2-553121882,S2-565172999,S2-575911483
S1-1621510	S2-154063343,S2-184258903,S2-47351895,S2-47749434,S2-563644814,S2-580021699,S2-795140573,S2-836846019,S2-868365106,S2-902261581,S2-960361858,S2-975271190,S2-116092947,S2-160639671,S2-171373513,S2-201282819,S2-414862682,S2-46199320,S2-571618880,S2-572650198,S2-656088679,S2-656406854,S2-734337283,S2-747243692,S2-822701319,S2-862492525,S2-869229747,S2-882569043,S2-964251531,S2-103803191,S2-108326684,S2-11292666,S2-11989125,S2-129252656,S2-131264573,S2-131942869,S2-146339104,S2-146859160,S2-152224703,S2-179095524,S2-190405690,S2-195696877,S2-213238195,S2-227625686,S2-237780321,S2-27210728,S2-307241843,S2-322890859,S2-349092169,S2-357934852,S2-361022866,S2-368947039,S2-386856198,S2-395046384,S2-395312910,S2-421154230,S2-428985968,S2-437064652,S2-44201685,S2-457957345,S2-481404605,S2-489890923,S2-507533577,S2-512718908,S2-521781437,S2-526392957,S2-527099079,S2-53403506,S2-535988246,S2-570913395,S2-619061889,S2-633506096,S2-653124030,S2-654701558,S2-658483247
S1-91560764	S2-140276802,S2-230535635,S2-238323284,S2-386952398,S2-393523489,S2-42434437,S2-554568494,S2-662975924,S2-683771462,S2-764575495,S2-868087865,S2-88437832,S2-8891804,S2-955915324,S2-963678328,S2-16259404,S2-275274983,S2-364706519,S2-398954388,S2-480146772,S2-513728796,S2-678199862,S2-817080971,S2-92379793,S2-217617372,S2-590951786,S2-653668443,S2-805484948,S2-110964539,S2-121227178,S2-129073296,S2-129896422,S2-133092958,S2-138740659,S2-160961809,S2-174835342,S2-180807877,S2-181339149,S2-214657996,S2-223609474,S2-226862098,S2-230066638,S2-230987246,S2-236113404,S2-242977002,S2-252001569,S2-278125049,S2-290371737,S2-305789870,S2-316944629,S2-341611505,S2-346071644,S2-355218805,S2-391455197,S2-399424027,S2-436754130,S2-455807225,S2-456212596,S2-465644495,S2-482237843,S2-487946363,S2-5090385,S2-512250446,S2-517325260,S2-517499247,S2-524829099,S2-527656038,S2-580302420,S2-588312116,S2-589860564,S2-591912649,S2-63695085,S2-64908259,S2-669248552,S2-695688422
S1-222238684	S2-315496891,S2-354995381,S2-897475107,S2-261756069,S2-270871290,S2-330009144,S2-369485231,S2-380914004,S2-486002839,S2-523199503,S2-528057932,S2-580712672,S2-597532562,S2-611699487,S2-637391878,S2-659019991,S2-825528144,S2-846803138,S2-988523572,S2-108609516,S2-109064076,S2-1180949,S2-118711492,S2-131851388,S2-133705895,S2-137335733,S2-139445287,S2-140863154,S2-141992643,S2-156425561,S2-160294350,S2-164478839,S2-180226596,S2-193724970,S2-20805326,S2-210920070,S2-215507747,S2-217616946,S2-217968253,S2-22198900,S2-222990922,S2-224839523,S2-229560602,S2-238278073,S2-248916016,S2-255090130,S2-256115294,S2-25954937,S2-260798572,S2-266189518,S2-26706900,S2-27535785,S2-289426119,S2-291309168,S2-294815982,S2-310481209,S2-310684832,S2-312573896,S2-317986865,S2-328849658,S2-33386440,S2-34189862,S2-342593847,S2-342995822,S2-351730360,S2-35200770,S2-352897066,S2-378054793,S2-381864140,S2-386395670,S2-393950659,S2-40598277,S2-412522820,S2-413475347,S2-424809627
S1-568104900	S2-695450969,S2-825251260,S2-916621144,S2-933206870,S3-498591073,S2-226246455,S2-355570474,S2-412335426,S2-801594190,S2-885928947,S2-100598528,S2-102266985,S2-120203628,S2-120266025,S2-13695759,S2-140651351,S2-155681006,S2-163081396,S2-16353184,S2-165841033,S2-191342198,S2-19699233,S2-215603037,S2-223038034,S2-236641932,S2-240818176,S2-265108833,S2-269752674,S2-274792168,S2-277167594,S2-30096875,S2-305873353,S2-317945405,S2-327570576,S2-328635655,S2-349287094,S2-354227046,S2-359519396,S2-367970234,S2-385257047,S2-392653392,S2-42012481,S2-426648291,S2-430835110,S2-445279190,S2-449997657,S2-466263961,S2-474653840,S2-475419520,S2-492786272,S2-502261814,S2-506344898,S2-525873878,S2-532228286,S2-544845108,S2-552487507,S2-593769796,S2-597115489,S2-611907150,S2-614186968,S2-632958795,S2-633452978,S2-654581812,S2-66569650,S2-686807632,S2-690150443,S2-699840324,S2-709626608,S2-720661290,S2-728928259,S2-772792384,S2-773240250,S2-792379809,S2-812581359,S2-815424973
S1-831407036	S2-20805326,S2-540109414,S2-830055348,S2-858494769,S2-946395436,S2-976704428,S2-142027615,S2-371529435,S2-374559366,S2-451176165,S2-477270421,S2-501225276,S2-508250512,S2-518872452,S2-560903787,S2-676486141,S2-789299844,S2-809444159,S2-8969936,S2-914643978,S2-116174092,S2-126859002,S2-137335733,S2-141992643,S2-14285358,S2-148849238,S2-151037751,S2-160294350,S2-160530551,S2-1782089,S2-191734439,S2-195875196,S2-20290999,S2-206392120,S2-217616946,S2-243087217,S2-248916016,S2-255090130,S2-255897399,S2-256115294,S2-260798572,S2-286324796,S2-300422214,S2-307018963,S2-308893253,S2-31276059,S2-315496891,S2-318004965,S2-319419841,S2-326003034,S2-32992300,S2-335359739,S2-342092773,S2-342593847,S2-342995822,S2-354995381,S2-355001894,S2-362529914,S2-370295135,S2-373001531,S2-380497229,S2-380561729,S2-385922532,S2-387444698,S2-40598277,S2-40602413,S2-417481284,S2-422695222,S2-424809627,S2-431500155,S2-443839297,S2-45909442,S2-468890387,S2-480618802,S2-486805242
S1-324704727	S2-986623822,S3-843618513,S2-870032531,S3-829364176,S2-593580304,S3-995628567,S2-102830842,S2-192548636,S2-24385156,S2-253013261,S2-285112774,S2-302476516,S2-388105342,S2-392055254,S2-426128626,S2-443115851,S2-444922155,S2-460110513,S2-674188862,S2-700329591,S2-761319764,S2-852172925,S2-908351481,S2-912100996,S2-918336322,S2-930943840,S2-9658033,S2-98053733,S2-981111952,S3-524076011,S3-589164793
S1-541260963	S2-915011716,S2-190326206,S2-208923099,S2-216562740,S2-426714487,S2-445330214,S2-515978477,S2-519492332,S2-541519922,S2-592708114,S2-597461815,S2-602896357,S2-651221144,S2-696501465,S2-794529192,S2-797664573,S2-937109222,S2-948651883,S2-973848645,S2-979134941,S3-113855448,S3-139085433,S3-180253597,S3-37762018,S3-396380078,S3-452161185,S3-525638059,S3-546540898,S3-564207815,S3-648161211,S3-650378356,S3-715139638,S3-716425906,S3-721541,S3-746209666,S3-927291670,S2-10052160,S2-117564262,S2-119614254,S2-163217953,S2-203319582,S2-239435203,S2-245887210,S2-288246076,S2-2960739,S2-341461164,S2-347602655,S2-375758603,S2-403404601,S2-44503770,S2-452595695,S2-487702680,S2-508509277,S2-5480432,S2-600043251,S2-655620999,S2-660712127,S2-664613296,S2-722235101,S2-723776927,S2-74793553,S2-757272990,S2-768122691,S2-775512981,S2-816438701,S2-857616634,S2-877008000,S2-916056915,S2-921950077,S2-936046073,S2-936668042,S2-982910709,S3-109160787,S3-585646991,S3-598555199
S1-413260555	S2-129128041,S2-175523239,S2-295694573,S2-446893146,S2-786834659,S2-786901810,S2-116911011,S2-13619378,S2-194422526,S2-203970299,S2-256817900,S2-268859889,S2-335661160,S2-824167090,S2-869643409,S2-973232185,S3-359953211,S3-387048700,S3-568143739,S3-934651359,S2-107545135,S2-113112926,S2-115050976,S2-117555305,S2-12039944,S2-128534966,S2-146349824,S2-157810393,S2-182775723,S2-201771675,S2-204061521,S2-206932889,S2-25410047,S2-272167192,S2-279166708,S2-280295159,S2-300352086,S2-30181846,S2-309217696,S2-311814169,S2-316203860,S2-336889797,S2-340421645,S2-34197683,S2-367235333,S2-36731745,S2-382586848,S2-405944872,S2-418664634,S2-428861032,S2-434043362,S2-441661236,S2-470968736,S2-474924251,S2-492915141,S2-533693559,S2-553193794,S2-557564663,S2-559650453,S2-565873666,S2-568686419,S2-572486268,S2-576178232,S2-591820857,S2-596450261,S2-599489841,S2-633399525,S2-644798258,S2-653890069,S2-65797037,S2-68895263,S2-726309957,S2-754753099,S2-762476932,S2-768924835
S1-727807753	S2-312868538,S2-113656828,S2-133609214,S2-34885923,S2-373678906,S2-405172086,S2-46566895,S2-471154795,S2-602902836,S2-617449437,S2-655931020,S2-746641962,S2-770158780,S2-802868502,S2-827197931,S2-837358533,S2-859525288,S2-867197250,S2-926996577,S2-94431642,S2-242087190,S2-255763248,S2-318095919,S2-529056556,S2-756666065,S2-760508529,S2-83403067,S2-971027861,S2-100393828,S2-111598886,S2-119665516,S2-128869711,S2-133945268,S2-156629748,S2-191792380,S2-200925331,S2-219352693,S2-22350227,S2-228054761,S2-23600298,S2-237794033,S2-238540762,S2-256327265,S2-264172545,S2-281780730,S2-291266819,S2-302087983,S2-31479558,S2-317758621,S2-337719856,S2-34092717,S2-34486188,S2-35419018,S2-357674323,S2-392958095,S2-39489288,S2-397055414,S2-397235428,S2-400786378,S2-420608463,S2-426149878,S2-428892705,S2-429018204,S2-435741088,S2-437927311,S2-439576314,S2-442501538,S2-449802497,S2-456280952,S2-461139557,S2-464379379,S2-47351540,S2-478379552,S2-500372250,S2-502416225
S1-466668920	S2-439734963,S2-443001468,S2-491625463,S2-496010855,S2-504245302,S2-512740645,S2-61694627,S2-630399297,S2-817462706,S2-881517073,S2-932289856,S2-93427624,S2-103804374,S2-104258569,S2-107294592,S2-116480536,S2-12964543,S2-133039084,S2-142058494,S2-143352317,S2-143706866,S2-173516208,S2-18751283,S2-190207173,S2-192482998,S2-204473280,S2-220749317,S2-230102948,S2-232470105,S2-235368756,S2-237954999,S2-238887504,S2-250759696,S2-252584176,S2-258576554,S2-259248878,S2-280522279,S2-296524860,S2-307495899,S2-318330893,S2-320618276,S2-321001485,S2-322143156,S2-323311313,S2-331002857,S2-332277233,S2-337106891,S2-341507894,S2-342848314,S2-346517126,S2-346857571,S2-346969152,S2-348302284,S2-374271299,S2-385313947,S2-386964624,S2-390642230,S2-392916242,S2-402709733,S2-408342843,S2-410520539,S2-415705714,S2-430651608,S2-434436265,S2-436288211,S2-439497137,S2-4410812,S2-447108973,S2-449553664,S2-455368307,S2-458355267,S2-45937124,S2-466752450,S2-469511516,S2-474466975
S1-545028787	S2-309686172,S2-323858830,S2-436965196,S2-496575771,S2-707291358,S2-788728273,S2-981434768,S2-12813236,S2-147980130,S2-282431218,S2-304829640,S2-324832682,S2-326810127,S2-330578956,S2-471575953,S2-478457352,S2-572563340,S2-632999891,S2-654091594,S2-723073109,S2-732752367,S2-793326575,S2-839368146,S2-859681737,S2-899534763,S2-935684952,S2-965493325,S2-993470871,S3-679221494,S2-109841094,S2-110025551,S2-134373631,S2-136507770,S2-147045741,S2-148241883,S2-153942237,S2-154444337,S2-165890419,S2-188282237,S2-225044274,S2-22544434,S2-232742053,S2-248798020,S2-253738736,S2-25640939,S2-260245922,S2-271547085,S2-292669840,S2-295065312,S2-320690165,S2-325950155,S2-343495044,S2-363696066,S2-365708940,S2-368212158,S2-369473644,S2-37369994,S2-392629784,S2-393014465,S2-408478407,S2-409250915,S2-413411448,S2-427086248,S2-427386278,S2-431638732,S2-448584859,S2-449914195,S2-453335714,S2-455987336,S2-469807064,S2-47431610,S2-488264958,S2-504426565,S2-510312862,S2-53589832
S1-687053526	S2-129817251,S2-218505777,S2-410225032,S2-46632873,S2-532735066,S2-555649754,S2-775580908,S2-802426321,S2-945076466,S2-945706398,S2-111192912,S2-119844068,S2-123676986,S2-124970234,S2-131593548,S2-132412259,S2-139366090,S2-140063964,S2-144194261,S2-157998562,S2-160919587,S2-164672908,S2-183042248,S2-18670662,S2-187616506,S2-200200363,S2-205545459,S2-233305831,S2-238353089,S2-248267062,S2-25183372,S2-257592575,S2-258115259,S2-267833291,S2-268030824,S2-272167192,S2-292935796,S2-304796938,S2-307094722,S2-310399553,S2-320718992,S2-329445711,S2-344120854,S2-366595708,S2-380184086,S2-398252403,S2-3987022,S2-402696405,S2-40935203,S2-413746983,S2-430061690,S2-431756507,S2-437018593,S2-439000750,S2-447611792,S2-460077167,S2-462805555,S2-478185820,S2-486668595,S2-488503595,S2-490113812,S2-49330723,S2-500129009,S2-503829652,S2-507981518,S2-509764556,S2-525235903,S2-535348802,S2-535885785,S2-536423730,S2-553297806,S2-5549889,S2-567405260,S2-57892744,S2-580296632
S1-743717387	S2-39969572,S2-980123874,S2-129843489,S2-260783262,S2-27607600,S2-584195132,S2-612477017,S2-667165747,S2-705052490,S2-718775157,S2-720292592,S2-741124141,S2-784742941,S2-900654127,S2-907011794,S2-918750094,S2-93160252,S2-105591933,S2-112351269,S2-133882299,S2-164387512,S2-168008728,S2-170582493,S2-172079940,S2-173040300,S2-178418825,S2-181514852,S2-181767634,S2-185385240,S2-189407906,S2-192547671,S2-198979882,S2-208311041,S2-221143939,S2-232429903,S2-23593495,S2-248578795,S2-249048421,S2-251551537,S2-251801751,S2-25393991,S2-270668686,S2-271585362,S2-275260491,S2-276478634,S2-281199472,S2-284857748,S2-284919985,S2-285723667,S2-301634447,S2-309623994,S2-324927591,S2-339808353,S2-392305098,S2-392583336,S2-398772289,S2-414155968,S2-417090507,S2-469154691,S2-478151070,S2-478194407,S2-485129405,S2-501016375,S2-505066547,S2-519679524,S2-524977898,S2-541576274,S2-543926046,S2-554776435,S2-559036061,S2-564306170,S2-565517750,S2-586684751,S2-595691991,S2-601659445
S1-905068683	S2-339142042,S2-659300097,S2-698245094,S2-864475923,S2-908689574,S2-791684922,S2-839555116,S2-990024913,S2-103234683,S2-111073630,S2-111528223,S2-115220084,S2-137278449,S2-141508445,S2-141517122,S2-149073480,S2-187047488,S2-192473864,S2-196603447,S2-208717862,S2-213332779,S2-222135297,S2-225041234,S2-226405892,S2-230183302,S2-239774084,S2-243058613,S2-243626415,S2-247090004,S2-269702535,S2-287884237,S2-29161970,S2-303507876,S2-307019337,S2-308591976,S2-326011977,S2-327462669,S2-329510427,S2-362602827,S2-363026722,S2-365606186,S2-367313856,S2-373134817,S2-382549229,S2-383617070,S2-388374740,S2-390835773,S2-394849792,S2-397679227,S2-405144389,S2-40585459,S2-407897919,S2-414087490,S2-414656251,S2-42223728,S2-44303445,S2-444233011,S2-446349531,S2-451134922,S2-452429687,S2-452649924,S2-472836984,S2-474118498,S2-47742327,S2-48393313,S2-486778080,S2-514692713,S2-520347120,S2-535260713,S2-536900454,S2-546491008,S2-5497917,S2-555043738,S2-557735174,S2-55917901
S1-174434806	S2-120303533,S2-448739517,S2-52135149,S2-673801962,S2-712914124,S2-724196256,S2-745993033,S2-861232324,S2-2475531,S2-254422036,S2-28055536,S2-725015966,S2-765354658,S2-881908151,S2-958531667,S2-105592069,S2-109409319,S2-113052265,S2-11690562,S2-142412923,S2-145078510,S2-181030658,S2-189686517,S2-191171605,S2-221548512,S2-2232406,S2-224877965,S2-229804476,S2-23213574,S2-233528013,S2-243561480,S2-246748133,S2-252609304,S2-25811916,S2-261353247,S2-266872061,S2-269472899,S2-280569668,S2-324564362,S2-331283119,S2-33248675,S2-332835468,S2-337128357,S2-351313419,S2-360696904,S2-365387521,S2-371828245,S2-37894839,S2-381140628,S2-395639460,S2-406987065,S2-40729031,S2-418601205,S2-425497317,S2-426879741,S2-434802460,S2-436785617,S2-452786525,S2-463912732,S2-464778440,S2-491642638,S2-493818281,S2-498711686,S2-500580184,S2-515924168,S2-520700259,S2-549646245,S2-558230226,S2-56184594,S2-566967909,S2-578092855,S2-582342934,S2-59495460,S2-594996375,S2-611053770
S1-510688610	S2-169852354,S2-482832201,S2-562473367,S2-577673588,S2-810077146,S2-297279885,S2-48217244,S2-546325925,S2-815620547,S2-972355520,S2-127449669,S2-128334537,S2-130879186,S2-157401288,S2-1652750,S2-169143521,S2-169374339,S2-187885278,S2-195421473,S2-195768351,S2-197711301,S2-209372229,S2-214474048,S2-217550274,S2-226950996,S2-231258333,S2-234929684,S2-236904704,S2-241468330,S2-270630244,S2-275925720,S2-276590182,S2-285116968,S2-286515330,S2-302370442,S2-303343240,S2-307700417,S2-318490446,S2-321281173,S2-329874600,S2-330413892,S2-334558703,S2-33642943,S2-337895975,S2-36014844,S2-373963760,S2-392622367,S2-404088096,S2-405733771,S2-414681171,S2-421453656,S2-42402378,S2-425921949,S2-426885058,S2-427491568,S2-46752761,S2-469655341,S2-476768340,S2-477738467,S2-48216878,S2-489809409,S2-490520961,S2-501496615,S2-505252881,S2-51781397,S2-51892411,S2-526030519,S2-5304448,S2-537803499,S2-547294664,S2-551174478,S2-558111123,S2-560417900,S2-561941827,S2-575632089
S1-495839809	S2-181834912,S2-282819380,S2-309220249,S2-351107485,S2-376651354,S2-522905175,S2-93196961,S2-949408746,S2-175410793,S2-295657805,S2-314579631,S2-366029827,S2-576237391,S2-843028625,S2-936158143,S2-101845948,S2-107527131,S2-115050976,S2-122977132,S2-139177205,S2-144351150,S2-146349824,S2-155183142,S2-156381311,S2-156487264,S2-165583767,S2-165842510,S2-185888515,S2-190194115,S2-198264730,S2-207354252,S2-210263129,S2-228552522,S2-240285502,S2-241550170,S2-241953881,S2-25410047,S2-265359046,S2-26997425,S2-270505025,S2-272167192,S2-279166708,S2-280134954,S2-289839707,S2-30000261,S2-300352086,S2-301743785,S2-308893253,S2-311442602,S2-311631654,S2-311814169,S2-320839284,S2-333402089,S2-334728171,S2-339148683,S2-341585947,S2-344238384,S2-345863671,S2-346545069,S2-348359911,S2-358919702,S2-363093745,S2-367235333,S2-385265934,S2-417269575,S2-420044895,S2-424629878,S2-426047108,S2-428861032,S2-434043362,S2-453685980,S2-458271007,S2-459122430,S2-459245282,S2-471156571
S1-158753049	S2-133487711,S2-204591452,S2-265287731,S2-266713379,S2-391934267,S2-564915463,S2-621239482,S2-739955278,S2-940596292,S2-984417999,S2-177683074,S2-209153603,S2-236922441,S2-300309078,S2-303286540,S2-323169426,S2-367619938,S2-420641004,S2-513203899,S2-513409010,S2-531849140,S2-573546633,S2-592623251,S2-883143109,S2-941190662,S2-944488484,S2-978466439,S2-980982674,S2-123419080,S2-124956078,S2-143977672,S2-145204119,S2-159098633,S2-201449161,S2-218203548,S2-228247073,S2-235103293,S2-240041185,S2-265128124,S2-273156882,S2-273859575,S2-28775010,S2-294062437,S2-319450260,S2-327996315,S2-330590705,S2-353570878,S2-36486269,S2-387559776,S2-388629621,S2-395629639,S2-397600396,S2-400259664,S2-410379614,S2-414388057,S2-428394070,S2-466147229,S2-483436853,S2-488274102,S2-490367561,S2-505046596,S2-509181023,S2-515707214,S2-529341139,S2-539431554,S2-541750887,S2-564433190,S2-571461091,S2-57257373,S2-579205794,S2-58327893,S2-585698283,S2-604264016,S2-620241657,S2-621149848
S1-739760170	S2-398252403,S2-445299479,S2-572884238,S2-934235595,S3-863850182,S2-101963597,S2-107088005,S2-121774654,S2-121843772,S2-152843244,S2-18244239,S2-183259971,S2-183909726,S2-188883215,S2-189611822,S2-190384190,S2-204320935,S2-205796856,S2-218505777,S2-222069072,S2-233650096,S2-238353089,S2-256876737,S2-268030824,S2-283750427,S2-301758662,S2-303478271,S2-307094722,S2-307296271,S2-312043821,S2-314794948,S2-31862658,S2-321729783,S2-327768676,S2-347373704,S2-361560238,S2-38415371,S2-405509923,S2-406649003,S2-410225032,S2-413746983,S2-449286536,S2-465558017,S2-46632873,S2-466643290,S2-486668595,S2-49036333,S2-493562063,S2-498895118,S2-502541244,S2-510281383,S2-512507202,S2-520947653,S2-528328130,S2-532228286,S2-532735066,S2-538351741,S2-542807268,S2-544586371,S2-555649754,S2-558043870,S2-580296632,S2-587380393,S2-589793792,S2-590291310,S2-605005548,S2-606978423,S2-607311073,S2-612988262,S2-614335943,S2-624700343,S2-627241048,S2-651995953,S2-655515963,S2-655640464
S1-435586996	S2-113587686,S2-119616077,S2-180637429,S2-202013701,S2-206907984,S2-21513724,S2-245169558,S2-312122303,S2-365698018,S2-37135497,S2-529892919,S2-581571527,S2-668899778,S2-813322353,S2-965548299,S2-127620736,S2-128549796,S2-132612631,S2-137746027,S2-141297623,S2-141427427,S2-164411574,S2-166931746,S2-177367466,S2-181600483,S2-18528439,S2-193399156,S2-194714388,S2-195717079,S2-204108020,S2-204690162,S2-212873735,S2-21355838,S2-215720126,S2-227453528,S2-227818425,S2-234483232,S2-240178376,S2-248148663,S2-253099142,S2-257281815,S2-258180228,S2-263971438,S2-270629604,S2-276695483,S2-277605654,S2-279057079,S2-281368375,S2-297116644,S2-302422248,S2-303634835,S2-352068195,S2-363261032,S2-368029845,S2-370892711,S2-371623776,S2-387822063,S2-424866863,S2-429474641,S2-445037422,S2-451208851,S2-457023473,S2-463511171,S2-469321701,S2-478259504,S2-484772010,S2-491799858,S2-507507103,S2-519087156,S2-519430360,S2-520123366,S2-529846581,S2-530610856,S2-531483903,S2-532739921
S1-853829630	S2-106413714,S2-132479402,S2-192165102,S2-314781676,S2-45313339,S2-77094050,S2-175260012,S2-199320615,S2-327169241,S2-548450721,S2-577488770,S2-650356622,S2-673511441,S2-737096741,S2-756466184,S2-831339699,S2-838479562,S2-879733027,S3-578200430,S2-11817249,S2-129436480,S2-163185355,S2-174764970,S2-185764713,S2-191156253,S2-194152250,S2-202689811,S2-205612456,S2-216541752,S2-246660270,S2-253171086,S2-262944880,S2-270541417,S2-272208137,S2-28814950,S2-292985260,S2-298527531,S2-31221450,S2-321412351,S2-325297770,S2-326611450,S2-335971882,S2-34440482,S2-356586004,S2-356859214,S2-357751002,S2-372871261,S2-382377359,S2-399233121,S2-40981661,S2-420753052,S2-426423153,S2-451493442,S2-451700849,S2-452497268,S2-453437973,S2-454604381,S2-467220226,S2-469543341,S2-479183486,S2-482125308,S2-484073320,S2-520139245,S2-522109781,S2-532457849,S2-53971068,S2-561478378,S2-562083919,S2-563311210,S2-578352320,S2-611742470,S2-618821218,S2-620617650,S2-629513934,S2-630966217
S1-301149309	S2-892028152,S2-127852082,S2-140255719,S2-176109778,S2-178879492,S2-183492453,S2-189719155,S2-216042022,S2-221130927,S2-245035823,S2-263246682,S2-29126502,S2-295675462,S2-302376663,S2-31101362,S2-387299208,S2-415198562,S2-508259377,S2-521109005,S2-538005491,S2-555073212,S2-565702262,S2-574927656,S2-575352109,S2-580413150,S2-588532434,S2-597156862,S2-59779737,S2-609346986,S2-614982186,S2-616167325,S2-629155727,S2-715513590,S2-72487464,S2-725600515,S2-73916182,S2-75353583,S2-765998952,S2-802361574,S2-813783619,S2-84848614,S2-895342290,S2-924843827,S2-933079487,S2-953126128,S2-954652731,S2-974822438,S2-987209477,S3-91162664
S1-281408668	S2-122812778,S2-158874882,S2-181123147,S2-184453954,S2-188724302,S2-212436395,S2-212915102,S2-258262674,S2-280807569,S2-288670755,S2-339811119,S2-349262879,S2-378199287,S2-391458239,S2-398639275,S2-443989369,S2-518521768,S2-53264243,S2-547415476,S2-554424288,S2-643511829,S2-68941982,S2-707355210,S2-746313574,S2-758289175,S2-812808748,S2-815482866,S2-830238047,S2-858293362,S2-8708548,S2-909276135,S2-920058913,S2-923952134,S2-940212571,S2-945079970,S2-995718274,S3-512340800,S2-122309146,S2-138367879,S2-144277851,S2-159701054,S2-165888882,S2-190551533,S2-201822017,S2-229962546,S2-236860886,S2-252317624,S2-25553900,S2-260848316,S2-262064020,S2-262225869,S2-263008891,S2-276521848,S2-277356901,S2-298332164,S2-316509804,S2-336250023,S2-342864438,S2-357506387,S2-368772488,S2-379423339,S2-381127815,S2-407737319,S2-417979028,S2-461002505,S2-479271143,S2-493464893,S2-496334918,S2-498070836,S2-499999735,S2-501547720,S2-508514144,S2-526396380,S2-52913266,S2-546842696
S1-902829449	S2-185544461,S2-421579400,S2-506533915,S2-541975952,S2-566590421,S2-697239273,S2-227851278,S2-30066613,S2-541651569,S2-75795431,S2-803298686,S2-822610976,S2-967986512,S2-10992194,S2-119998215,S2-124933770,S2-125461025,S2-141785744,S2-151241737,S2-160277889,S2-17844127,S2-183050312,S2-198143600,S2-201730591,S2-206212546,S2-21144485,S2-216297269,S2-226436985,S2-227989297,S2-235976983,S2-238435661,S2-245351616,S2-251520188,S2-252321761,S2-258266599,S2-259755740,S2-262994721,S2-26875061,S2-27613091,S2-281618629,S2-284561552,S2-285224411,S2-285714275,S2-307548635,S2-309405947,S2-322964694,S2-326775079,S2-333419895,S2-336700878,S2-339354686,S2-340948199,S2-376199111,S2-378054793,S2-410966569,S2-412005346,S2-413660889,S2-416029438,S2-419146094,S2-429482430,S2-433018992,S2-43505540,S2-441318076,S2-445965866,S2-455695342,S2-459758045,S2-471212422,S2-485248208,S2-485363261,S2-493532176,S2-494923618,S2-505423844,S2-512041928,S2-516521623,S2-52274051,S2-522788968
S1-945924704	S2-630911392,S3-65071031,S2-626074713,S2-705012508,S2-100598528,S2-112217117,S2-112355038,S2-114920910,S2-119756758,S2-126502327,S2-132919903,S2-142245406,S2-149041114,S2-16487807,S2-185314407,S2-200599315,S2-220729977,S2-241774263,S2-262758870,S2-267348108,S2-271562112,S2-352035211,S2-372090559,S2-37470848,S2-395225997,S2-40586117,S2-420695102,S2-436686099,S2-456292889,S2-457542804,S2-462835446,S2-477247327,S2-490300820,S2-496835023,S2-521638066,S2-525453196,S2-536735776,S2-541946409,S2-566180093,S2-596982985,S2-599753699,S2-610885854,S2-617831816,S2-619190007,S2-620520876,S2-625135287,S2-625506462,S2-643027903,S2-644459742,S2-668358999,S2-681185904,S2-705391669,S2-707530911,S2-711571923,S2-718559827,S2-731940483,S2-752590639,S2-756819051,S2-77265473,S2-803360649,S2-810103510,S2-822556272,S2-837781282,S2-837900775,S2-838994510,S2-892173157,S2-900217035,S2-923701987,S2-92567509,S3-119065611,S3-136027948,S3-26595957,S3-274204740,S3-347560046,S3-413622610
S1-10802286	S2-190163962,S2-42078860,S2-439059133,S2-947156719,S3-162307272,S3-455820655,S3-35273010,S3-624125246,S2-128018543,S2-16527701,S2-168240429,S2-170979256,S2-190638179,S2-233090312,S2-237442945,S2-252090467,S2-257116344,S2-272504581,S2-344459294,S2-381361514,S2-413198196,S2-518302366,S2-547774216,S2-592480021,S2-629389851,S2-642069881,S2-691216980,S2-725061793,S2-770266537,S2-786144141,S2-819497262,S2-912070276,S2-940131003,S2-959361730,S2-9776400,S3-29320683,S3-502451779,S3-636958062,S3-657129911,S3-797647588
S1-83402127	S2-62469415,S2-46406152,S2-634293946,S2-739037044,S2-126837720,S2-147674223,S2-150370226,S2-153079060,S2-156990828,S2-161263789,S2-164937985,S2-169058727,S2-179948550,S2-184800707,S2-190350002,S2-191211374,S2-199279694,S2-202276296,S2-21214852,S2-219917175,S2-22700931,S2-231901174,S2-237240762,S2-258387011,S2-272620260,S2-276881020,S2-278386303,S2-279383068,S2-279568092,S2-293038473,S2-305901162,S2-308338711,S2-312664173,S2-313974877,S2-323835149,S2-326888743,S2-327948769,S2-336358047,S2-354941392,S2-358416667,S2-369004597,S2-371794942,S2-372892190,S2-381877089,S2-405520451,S2-409732983,S2-416347358,S2-426554429,S2-437645460,S2-439290258,S2-439548235,S2-468535441,S2-469948283,S2-505478553,S2-55666386,S2-556975511,S2-562993224,S2-578403258,S2-593041743,S2-594548308,S2-597240282,S2-59936969,S2-610889424,S2-624224369,S2-641385678,S2-649394049,S2-655745017,S2-661713775,S2-663906477,S2-66472272,S2-665501932,S2-667278235,S2-679827968,S2-684146971,S2-684864136
S1-833268125	S2-347967135,S2-796208627,S2-895030236,S2-182203325,S2-278899754,S2-293675262,S2-319104076,S2-355710074,S2-430060563,S2-482929679,S2-591736054,S2-663191944,S2-67505679,S2-676769255,S2-709026541,S2-73710322,S2-928348681,S2-976944285,S2-384991126,S2-403863360,S2-440400231,S2-575140281,S2-724033893,S2-76461717,S2-804655734,S2-857738074,S2-869304444,S2-102286733,S2-109909445,S2-155872629,S2-155885571,S2-156460390,S2-158212151,S2-158294933,S2-172815079,S2-17298657,S2-180375805,S2-184993338,S2-198938800,S2-22862128,S2-236066157,S2-247024966,S2-251574334,S2-260471331,S2-26243553,S2-268505435,S2-271685600,S2-274787848,S2-27939583,S2-284716032,S2-288029588,S2-294180326,S2-300442915,S2-303726261,S2-309676307,S2-312533710,S2-317710783,S2-323916914,S2-334674198,S2-357067002,S2-364907363,S2-385249149,S2-394620980,S2-394709385,S2-420213211,S2-422439198,S2-423246766,S2-444081333,S2-450534549,S2-458356831,S2-460594951,S2-46819052,S2-470712475,S2-487988118,S2-501946616
S1-983198006	S2-101988027,S2-153046971,S2-413941191,S2-450648359,S2-473206091,S2-623817123,S2-672321572,S2-727608986,S2-731649105,S2-787757653,S2-107924419,S2-177633442,S2-218513161,S2-269091686,S2-296510570,S2-369583328,S2-542056483,S2-612119416,S2-620949161,S2-715901202,S2-756116674,S2-793863336,S2-795982805,S2-802605821,S2-824509207,S2-905566596,S2-94225976,S2-110084330,S2-114253843,S2-120149934,S2-120339306,S2-12859194,S2-12906571,S2-14269671,S2-152104502,S2-15235408,S2-153299861,S2-156707554,S2-161706141,S2-166760851,S2-168555097,S2-184214559,S2-1981041,S2-231609269,S2-233994357,S2-234914558,S2-274562497,S2-290775709,S2-299429553,S2-299980209,S2-303563625,S2-317153621,S2-318220100,S2-320301446,S2-333345089,S2-338069159,S2-340860092,S2-351889990,S2-375543235,S2-380681409,S2-38470677,S2-425090490,S2-443903312,S2-460182913,S2-474943046,S2-478122065,S2-498337680,S2-49874188,S2-501659195,S2-509497187,S2-511312667,S2-526370185,S2-52995078,S2-530868795,S2-532148950
S1-892324295	S2-16199079,S2-162295454,S2-236533273,S2-238838573,S2-240146128,S2-247938958,S2-249021552,S2-275795442,S2-297624716,S2-305248041,S2-313046775,S2-318276388,S2-32076595,S2-323005671,S2-325375361,S2-330041054,S2-356809142,S2-369713899,S2-407819862,S2-410224400,S2-422589323,S2-434711447,S2-448037941,S2-463727352,S2-474139805,S2-492925500,S2-493016176,S2-494774377,S2-516030727,S2-519805704,S2-567430325,S2-56820394,S2-574260922,S2-580797093,S2-593862591,S2-597220522,S2-604975653,S2-61298106,S2-622364124,S2-624483985,S2-667620522,S2-693452751,S2-699808073,S2-706063613,S2-720445660,S2-735623776,S2-756847329,S2-756964185,S2-77077677,S2-776683488,S2-783452311,S2-803202597,S2-803284555,S2-811096678,S2-811930829,S2-818152225,S2-825203064,S2-830496463,S2-844760619,S2-84830309,S2-872345481,S2-876428684,S2-925213958,S2-937909009,S2-965213837,S2-988582877,S2-989917335,S2-999277351,S2-999287923,S3-220505892,S3-25661476,S3-275129428,S3-349922417,S3-480798906,S3-493334386
S1-498567090	S2-154682950,S2-219998868,S2-358250901,S2-428886994,S2-562226956,S2-614824581,S2-646594637,S2-743691113,S2-750473552,S2-758235218,S2-913240757,S2-939141426,S2-945471595,S2-96973637,S2-118422075,S2-170221895,S2-191844168,S2-200948254,S2-233253380,S2-289284092,S2-28976757,S2-374624287,S2-571506106,S2-588408211,S2-617102321,S2-74056746,S2-817239278,S2-827555311,S2-838427488,S2-864272363,S2-878065826,S2-88589147,S2-970832912,S2-119791524,S2-13431980,S2-13434941,S2-144497856,S2-149211970,S2-154960345,S2-192477002,S2-197824349,S2-207584133,S2-209581831,S2-212577187,S2-216535799,S2-221123001,S2-221724690,S2-229736983,S2-260080393,S2-279032485,S2-281236320,S2-283672521,S2-304593712,S2-337014701,S2-354333238,S2-380459655,S2-388362151,S2-405237963,S2-416023695,S2-417533411,S2-426274147,S2-427707470,S2-428660624,S2-432032624,S2-437933677,S2-464610517,S2-475721766,S2-482306346,S2-511564104,S2-524587606,S2-529351645,S2-553078950,S2-568919099,S2-573252221,S2-598802203
S1-710139409	S3-228967956,S2-15897097,S2-260970652,S2-275243570,S2-292607525,S2-296563967,S2-36470471,S2-396728622,S2-398263556,S2-442933802,S2-459850085,S2-475352606,S2-482118403,S2-503460435,S2-507116871,S2-553305898,S2-590173371,S2-620944252,S2-63187610,S2-642677074,S2-693088961,S2-745541218,S2-886776190,S2-895947203,S2-923768913,S2-936557811,S2-941916538,S3-261801712,S3-393062920,S3-42298178,S3-489815238,S3-603180371,S3-616460608,S3-640874719,S3-799216049,S3-822816898
S1-881479733	S2-158316063,S2-369828139,S2-212199162,S2-217559270,S2-275768124,S2-275954813,S2-282015180,S2-284246545,S2-29020047,S2-322739052,S2-325309533,S2-371948071,S2-420605822,S2-452867038,S2-490298129,S2-499571991,S2-522856286,S2-549746473,S2-593212458,S2-631804340,S2-643688752,S2-649170280,S2-66479946,S2-724373555,S2-735156846,S2-742495921,S2-753791020,S2-849934952,S2-900974016,S2-917423405,S2-946876207,S2-947554169,S2-979276925,S2-10115786,S2-106950678,S2-128138269,S2-132958029,S2-134923652,S2-137973083,S2-142031514,S2-15562863,S2-162124678,S2-16662326,S2-17120133,S2-174920175,S2-197387694,S2-270822706,S2-2760389,S2-27718602,S2-288299587,S2-327450229,S2-337547522,S2-342009152,S2-34640344,S2-358771866,S2-370807822,S2-371502632,S2-387067608,S2-392421042,S2-400028816,S2-40762577,S2-416443208,S2-417399363,S2-420827161,S2-427613199,S2-42850735,S2-437671911,S2-448844881,S2-475921807,S2-476437527,S2-485853555,S2-492623322,S2-502481496,S2-539346753,S2-543968232
S1-821224291	S2-235976983,S2-271182629,S2-275439790,S2-326828857,S2-357983226,S2-476817426,S2-50706602,S2-724590666,S2-872784557,S2-887517565,S2-257424029,S2-621856629,S2-654763929,S2-669058092,S2-717583239,S2-719285850,S2-750604892,S2-842077067,S2-109359308,S2-147232343,S2-156291888,S2-161925491,S2-163168361,S2-172127854,S2-18097352,S2-182290475,S2-185731151,S2-206380579,S2-218088601,S2-223600284,S2-23341528,S2-234583923,S2-254957800,S2-269067144,S2-289599891,S2-290855247,S2-314510912,S2-319538868,S2-336722246,S2-341843523,S2-34209420,S2-347684469,S2-3480711,S2-389373611,S2-390871255,S2-396917222,S2-398549635,S2-399714117,S2-402946497,S2-409494115,S2-448367557,S2-45285231,S2-458814892,S2-466366945,S2-481555447,S2-509713314,S2-516258686,S2-529318908,S2-530222807,S2-557749182,S2-57720501,S2-587541845,S2-594688897,S2-600498462,S2-604608811,S2-611015449,S2-627693211,S2-632867147,S2-640099827,S2-66022028,S2-664172181,S2-667671174,S2-673671289,S2-677803094,S2-68046115
S1-214884127	S2-158989871,S2-187498810,S2-210062866,S2-246621020,S2-247759089,S2-344821654,S2-417455367,S2-489461707,S2-5371139,S2-546127792,S2-547557150,S2-549898315,S2-612768292,S2-659685525,S2-671270117,S2-819620168,S2-874582752,S2-8914613,S2-950851985,S2-124172613,S2-253979160,S2-378959122,S2-393783561,S2-437031822,S2-543962002,S2-55691462,S2-742271220,S2-888108809,S2-958838266,S2-102688293,S2-109689672,S2-10978218,S2-11316472,S2-115168808,S2-171100423,S2-176504952,S2-196186427,S2-253231025,S2-258620879,S2-306419596,S2-307503194,S2-311539374,S2-329200792,S2-339178903,S2-36679120,S2-392954635,S2-394324148,S2-408867394,S2-41663066,S2-423536700,S2-43564375,S2-442302377,S2-447137768,S2-46855240,S2-481071542,S2-481122102,S2-493364294,S2-510553616,S2-524004407,S2-545457864,S2-548527575,S2-575533287,S2-579925015,S2-586442771,S2-591779918,S2-608037396,S2-623164214,S2-633146423,S2-645398164,S2-685428326,S2-697040637,S2-709426534,S2-710156494,S2-714063931,S2-722913823
S1-356842693	S2-121170903,S2-159289810,S2-241868453,S2-265591149,S2-284859941,S2-471852141,S2-584595791,S2-670948516,S2-825374035,S2-105539007,S2-11807248,S2-13109699,S2-169596443,S2-227533280,S2-23131271,S2-385376983,S2-508281458,S2-549306926,S2-555388659,S2-580796822,S2-611460372,S2-629145301,S2-6875174,S2-775527125,S2-832127268,S2-939955733,S2-960729909,S2-10643910,S2-111457923,S2-113949348,S2-113983374,S2-129085158,S2-132308686,S2-157731743,S2-177532739,S2-17933853,S2-180273596,S2-186595699,S2-206371754,S2-221645073,S2-243813488,S2-244753129,S2-247369598,S2-277102469,S2-278285112,S2-284388051,S2-293065883,S2-296457382,S2-303976123,S2-305033035,S2-306233830,S2-315813207,S2-354433593,S2-354995381,S2-369312187,S2-375889784,S2-375938862,S2-385922466,S2-396540947,S2-405726244,S2-422884878,S2-458024137,S2-467281480,S2-469201780,S2-474503655,S2-482431175,S2-502398434,S2-516576859,S2-529867680,S2-5540165,S2-558037432,S2-563917782,S2-570006860,S2-594414847,S2-598067625
S1-542362386	S2-747378786,S2-802837546,S2-104014460,S2-417821694,S2-871522229,S2-933609921,S2-101291931,S2-101979384,S2-115106720,S2-116795138,S2-117499453,S2-118594158,S2-119438150,S2-120116696,S2-151459390,S2-154969091,S2-157869950,S2-168770832,S2-168893968,S2-175473827,S2-181072907,S2-181715244,S2-182092099,S2-187697334,S2-194430378,S2-203563265,S2-210927120,S2-226258310,S2-228624598,S2-233383647,S2-234031843,S2-250010982,S2-255444111,S2-25735742,S2-261839989,S2-267269510,S2-283816870,S2-295379377,S2-299816273,S2-301296066,S2-322553696,S2-322818012,S2-324905400,S2-325579297,S2-328116188,S2-332453876,S2-341476036,S2-341776872,S2-345192305,S2-34557531,S2-347358314,S2-348976814,S2-356922806,S2-361655013,S2-363779880,S2-369611703,S2-372930762,S2-38022047,S2-38660769,S2-388863860,S2-391700340,S2-396187301,S2-414831187,S2-44058962,S2-4415530,S2-447397321,S2-451530139,S2-453636635,S2-455543466,S2-465460574,S2-480455762,S2-484679463,S2-484903051,S2-488384040,S2-50351533
S1-663067533	S2-143937181,S2-705441074,S2-110330256,S2-112495836,S2-1733024,S2-178317456,S2-188275248,S2-190136605,S2-277047643,S2-280084747,S2-373494966,S2-377050088,S2-562276853,S2-632418570,S2-636433390,S2-664398106,S2-690957932,S2-771627614,S2-88571413,S2-117518622,S2-128232014,S2-165017127,S2-173058270,S2-200253485,S2-203167812,S2-203976770,S2-222938789,S2-223095349,S2-22555230,S2-235703129,S2-243106331,S2-243730511,S2-246959142,S2-256973341,S2-258031371,S2-276082389,S2-295617432,S2-297304196,S2-303519549,S2-305526588,S2-312251332,S2-327445262,S2-328919185,S2-330336056,S2-337573534,S2-343381660,S2-354522395,S2-356157174,S2-361713019,S2-363572407,S2-367730085,S2-37657162,S2-37960046,S2-380066291,S2-381866590,S2-39056832,S2-401967653,S2-408136415,S2-42609760,S2-438522085,S2-444679914,S2-447649940,S2-453031324,S2-459531432,S2-463808713,S2-469588813,S2-469774927,S2-482769287,S2-495557201,S2-497942663,S2-501284125,S2-516127274,S2-520613663,S2-521872456,S2-540094749
S1-121717159	S2-316755660,S2-634718323,S2-772220103,S2-112449831,S2-428444226,S2-527365635,S2-572301518,S2-611558394,S2-682580543,S2-821328186,S2-921073654,S2-973403209,S3-234375408,S2-126244940,S2-156355860,S2-158506244,S2-168277424,S2-169997700,S2-18086755,S2-182655362,S2-195382383,S2-22391075,S2-230946285,S2-235073168,S2-238073255,S2-23812106,S2-248347485,S2-250860267,S2-255524633,S2-257098293,S2-260280297,S2-264731923,S2-269153645,S2-270836242,S2-272287416,S2-274296724,S2-285859028,S2-290216921,S2-2910920,S2-301404229,S2-302441534,S2-309170115,S2-314084144,S2-318023531,S2-323991359,S2-333657299,S2-343079183,S2-348169825,S2-350428804,S2-352579174,S2-354797673,S2-3777278,S2-384219063,S2-38910827,S2-395980109,S2-3997594,S2-399943317,S2-402728711,S2-417953546,S2-420204995,S2-434200786,S2-443502225,S2-444276474,S2-457254233,S2-463617918,S2-464160253,S2-473448314,S2-477936301,S2-478686248,S2-481240106,S2-494904011,S2-512834037,S2-513884439,S2-516790560,S2-541652219
S1-491611009	S2-211725643,S2-262378104,S2-433784280,S2-437128444,S2-489908959,S2-497944131,S2-572114402,S2-662992311,S2-667327888,S2-698305314,S2-709605576,S2-75150479,S2-753179059,S2-839763761,S2-893669875,S2-905395948,S2-910212980,S2-978908864,S2-206988548,S2-253262956,S2-263112597,S2-304928850,S2-306208206,S2-32257105,S2-327403146,S2-372609733,S2-415374456,S2-477448756,S2-959446760,S2-978059769,S2-988530848,S2-101634603,S2-134811403,S2-142445062,S2-151863825,S2-151907626,S2-158144898,S2-160201561,S2-192761335,S2-200939126,S2-203962033,S2-216805431,S2-238564024,S2-239872885,S2-27740291,S2-277455055,S2-290064703,S2-338921827,S2-340724073,S2-350504201,S2-370565257,S2-400614296,S2-437170893,S2-442665669,S2-476067012,S2-489811151,S2-492631749,S2-507536015,S2-517910473,S2-524330675,S2-567024700,S2-588246207,S2-61552823,S2-618127393,S2-624981834,S2-633450563,S2-661631836,S2-675417247,S2-712734773,S2-733977892,S2-747751155,S2-749042857,S2-753773305,S2-786687739,S2-786772016
S1-44785280	S2-119019224,S2-138429970,S2-166747800,S2-263087763,S2-366081375,S2-393066864,S2-418033252,S2-436041396,S2-537858187,S2-725412413,S2-763835236,S2-845849286,S2-919896803,S2-933488038,S2-937254230,S2-947221890,S2-95822029,S2-965326114,S2-983379660,S2-125494479,S2-252359061,S2-263979882,S2-337275476,S2-481532062,S2-495606947,S2-553087095,S2-591058643,S2-669913776,S2-833867348,S2-860692777,S2-993809395,S2-100116678,S2-103317508,S2-10396740,S2-104584185,S2-11188369,S2-115966692,S2-126496488,S2-134584922,S2-145204119,S2-149744332,S2-154862649,S2-157242142,S2-158653180,S2-176750755,S2-18801126,S2-195122722,S2-196363370,S2-19875605,S2-201644611,S2-206032485,S2-218771556,S2-220573080,S2-227116320,S2-227663875,S2-24214148,S2-250533186,S2-250881963,S2-267461130,S2-274195777,S2-275815442,S2-292552164,S2-294062437,S2-298462354,S2-300274747,S2-303296462,S2-319836204,S2-322901247,S2-342833542,S2-350755268,S2-362141473,S2-362555190,S2-372383421,S2-372419354,S2-375183247
S1-94703561	S2-11572530,S2-224192301,S2-263474875,S2-320783508,S2-583425176,S2-596112678,S2-658033017,S2-701175975,S2-833716779,S2-842156965,S2-954993655,S2-980269829,S2-105066522,S2-105346261,S2-107266042,S2-115703666,S2-123107959,S2-130023153,S2-132220323,S2-137351909,S2-139914515,S2-143547080,S2-143807736,S2-149284171,S2-150696819,S2-15171713,S2-152854142,S2-156981301,S2-160846760,S2-163159020,S2-169286979,S2-171398662,S2-199621785,S2-202459423,S2-206495455,S2-220621156,S2-231042988,S2-232955554,S2-233427634,S2-238601006,S2-238928104,S2-245479412,S2-252362498,S2-256331166,S2-269112145,S2-293064422,S2-303376047,S2-308505251,S2-326195325,S2-326839544,S2-328905595,S2-32982164,S2-339294067,S2-341983918,S2-367043035,S2-369155141,S2-383431644,S2-386500549,S2-390930096,S2-391790581,S2-398090661,S2-422676994,S2-438356895,S2-438395755,S2-443133992,S2-443783860,S2-460413433,S2-463160093,S2-46891600,S2-46906029,S2-474294020,S2-48096502,S2-485143971,S2-494300141,S2-494338810
S1-727589600	S2-66784231,S2-438490281,S2-448345210,S2-544639758,S2-108574344,S2-20386724,S2-448718751,S2-583650206,S2-112155855,S2-118267125,S2-119599096,S2-125205955,S2-126113089,S2-127690758,S2-128308961,S2-134866455,S2-147418558,S2-159535505,S2-170368359,S2-172679180,S2-185791486,S2-201308359,S2-211073592,S2-216082883,S2-227187547,S2-239998196,S2-253631911,S2-255270931,S2-260467091,S2-271362296,S2-274976761,S2-281832582,S2-283544244,S2-288215519,S2-289879050,S2-297890233,S2-301052482,S2-303809454,S2-311686427,S2-330830448,S2-332677813,S2-349569357,S2-355186758,S2-357085840,S2-383686718,S2-387347954,S2-394843915,S2-398913937,S2-404538082,S2-40517576,S2-406296145,S2-406530370,S2-418561652,S2-424500950,S2-424718742,S2-442346611,S2-447669462,S2-454847618,S2-473358008,S2-47496197,S2-478707299,S2-487271733,S2-49554033,S2-503410525,S2-508427027,S2-526374993,S2-551378097,S2-553018382,S2-553503445,S2-555745548,S2-561071313,S2-584361764,S2-58725157,S2-598068208,S2-603235597
S1-555331810	S2-224699135,S2-234537205,S2-424354011,S3-155250976,S3-816779763,S2-123235562,S2-124114364,S2-137641639,S2-138622990,S2-140595591,S2-141257840,S2-143350442,S2-164910921,S2-188015630,S2-189554509,S2-200944262,S2-214208615,S2-214822030,S2-217847530,S2-224399095,S2-226258310,S2-230798480,S2-231559999,S2-240314871,S2-250267446,S2-258469973,S2-263417358,S2-26913498,S2-269771085,S2-270718728,S2-277586168,S2-308183488,S2-3134678,S2-320131753,S2-33112867,S2-336722121,S2-337820490,S2-339639949,S2-344720223,S2-345020903,S2-351934891,S2-352120096,S2-365876998,S2-365954432,S2-367097323,S2-381481764,S2-38270686,S2-386753702,S2-390383921,S2-395396316,S2-407606519,S2-407663103,S2-412452377,S2-414403728,S2-43642656,S2-446722445,S2-458703934,S2-461588698,S2-465175022,S2-466832471,S2-469378393,S2-469627835,S2-473547609,S2-479002090,S2-479799237,S2-480515704,S2-48468663,S2-4880248,S2-492222156,S2-509432925,S2-515348827,S2-530877608,S2-531251612,S2-547045240,S2-56187164
S1-393240482	S2-989158977,S2-131872909,S2-193995593,S2-286270410,S2-292552164,S2-403646565,S2-466147229,S2-474535244,S2-482144229,S2-602532391,S2-612169234,S2-613343223,S2-623758944,S2-752081733,S2-822714622,S2-823434500,S2-850741800,S2-878448261,S2-916859477,S2-102838962,S2-220392750,S2-279167566,S2-393592371,S2-48947979,S2-500759015,S2-579205794,S2-610833438,S2-618461207,S2-7717164,S2-812151277,S2-923845855,S2-108700637,S2-11502667,S2-116072200,S2-129302226,S2-129681770,S2-134496000,S2-149586926,S2-186614082,S2-203282369,S2-215630244,S2-227520813,S2-246142078,S2-25787219,S2-276190610,S2-276326449,S2-282980515,S2-296122292,S2-303442156,S2-315631563,S2-343435542,S2-37050654,S2-376864332,S2-382298853,S2-386901125,S2-400834585,S2-413295229,S2-413943080,S2-416231414,S2-418213505,S2-438182503,S2-449985406,S2-458970259,S2-472392747,S2-474390649,S2-476901149,S2-483639981,S2-487537890,S2-510383940,S2-51424319,S2-540672440,S2-548353339,S2-550191754,S2-555437992,S2-578868716
S1-321306005	S2-116199441,S2-121022250,S2-216607898,S2-425338531,S2-477346021,S2-539911221,S2-558889270,S2-573593280,S2-595913199,S2-650403233,S2-736189759,S2-757402261,S2-798828414,S2-8253948,S2-919620291,S2-105885075,S2-112765546,S2-184335127,S2-214060638,S2-426632654,S2-436343830,S2-460351171,S2-5273227,S2-552077776,S2-650779848,S2-795265668,S2-902612462,S2-974926887,S2-100901770,S2-105806951,S2-111578499,S2-124538411,S2-129531102,S2-175976337,S2-176529237,S2-198086950,S2-200481749,S2-234839383,S2-245927898,S2-260375341,S2-264282785,S2-269084113,S2-277772767,S2-298368618,S2-30142890,S2-323930956,S2-326793983,S2-327450229,S2-350231231,S2-359575008,S2-363785123,S2-376179005,S2-380317613,S2-405035628,S2-405587617,S2-41330550,S2-41611249,S2-42657227,S2-427815191,S2-430490738,S2-450700475,S2-476831851,S2-476981334,S2-486884259,S2-52330069,S2-538508856,S2-53989051,S2-54609578,S2-564541257,S2-564915463,S2-578551054,S2-598060026,S2-602959141,S2-605932298,S2-609359326
S1-153594731	S2-209658522,S2-176871458,S2-239035791,S2-243092207,S2-297502309,S2-334286361,S2-39633084,S2-411902701,S2-450847341,S2-569515778,S2-598903790,S2-626907968,S2-634770470,S2-639451164,S2-721443742,S2-730591902,S2-734808407,S2-876951170,S2-887253912,S2-891273316,S2-917950737,S2-947318362,S2-112271534,S2-125400450,S2-13944331,S2-155032719,S2-16801610,S2-168208749,S2-175408,S2-180090547,S2-183619640,S2-1853819,S2-195930547,S2-210961849,S2-213381129,S2-220772306,S2-220907801,S2-221739123,S2-242893418,S2-248671801,S2-257714244,S2-261337858,S2-265161996,S2-268381723,S2-27613363,S2-28779233,S2-290468618,S2-30176970,S2-311389494,S2-319389443,S2-328312767,S2-343458991,S2-3578517,S2-366785932,S2-386503433,S2-387840311,S2-388734495,S2-388765418,S2-411164972,S2-421007640,S2-423191685,S2-42544724,S2-428939151,S2-429431338,S2-429671745,S2-435375219,S2-437204914,S2-46562462,S2-473007113,S2-474172569,S2-501308917,S2-504315604,S2-504496435,S2-521558625,S2-54045892
S1-353411751	S3-823764893,S2-112040330,S2-127789310,S2-146837263,S2-150000368,S2-16865320,S2-176256340,S2-176677200,S2-188452592,S2-205492458,S2-229809478,S2-24944222,S2-285234682,S2-32727248,S2-329817415,S2-335996023,S2-360716576,S2-370383540,S2-377178305,S2-432182370,S2-46986355,S2-472571623,S2-51465759,S2-516075224,S2-523333434,S2-569377721,S2-605522483,S2-618652083,S2-625231910,S2-628096864,S2-647919548,S2-656139916,S2-663636813,S2-67024603,S2-682432014,S2-684946709,S2-691330222,S2-718634487,S2-7494147,S2-754786961,S2-765905334,S2-828775221,S2-844602491,S2-859818353,S2-861843066,S2-863656752,S2-876397714,S2-888116603,S2-924763274,S2-944145796,S2-956593787,S2-960792938,S3-280015911
S1-133050338	S2-185531240,S2-229560398,S2-26113837,S2-277690362,S2-28134581,S2-377001396,S2-416217045,S2-435627530,S2-44935718,S2-490251737,S2-765119288,S2-76522298,S2-843418679,S2-849985648,S2-878003016,S2-904031766,S2-928217273,S2-958352718,S2-983123295,S2-140890220,S2-193220036,S2-196370555,S2-343141353,S2-545078974,S2-622752208,S2-843525821,S2-902823911,S2-919706463,S2-105787104,S2-115821419,S2-118552328,S2-134868614,S2-17851415,S2-197173415,S2-210899844,S2-227490072,S2-228185841,S2-242719019,S2-247031441,S2-261119289,S2-281120198,S2-281148479,S2-289877714,S2-29145099,S2-292847286,S2-304832264,S2-32483644,S2-339053169,S2-34853703,S2-361806947,S2-364146512,S2-403397925,S2-40474661,S2-438191278,S2-440510483,S2-441592415,S2-449254309,S2-456102577,S2-463321105,S2-464110639,S2-468551684,S2-476166183,S2-501141465,S2-501607522,S2-503110338,S2-506491897,S2-517370625,S2-527511752,S2-546209539,S2-54749095,S2-552478307,S2-575396601,S2-578991888,S2-580061315,S2-587602838
S1-459297936	S2-564766778,S2-689127838,S2-970493917,S3-352352235,S3-474344347,S2-111366419,S2-120108778,S2-129594017,S2-156507377,S2-161355279,S2-169701381,S2-187798210,S2-202260627,S2-204013838,S2-208491804,S2-227948523,S2-232341175,S2-238119983,S2-244823724,S2-251543152,S2-253380710,S2-257275512,S2-259632643,S2-260851157,S2-295402189,S2-296996266,S2-303814412,S2-31354244,S2-314402028,S2-314441046,S2-329309058,S2-370365652,S2-376679924,S2-388757329,S2-392101686,S2-397631874,S2-412108634,S2-41980891,S2-460905825,S2-473056734,S2-476316208,S2-487582495,S2-53059286,S2-556912234,S2-578067586,S2-590498107,S2-601853002,S2-60361134,S2-610720068,S2-616494774,S2-624716726,S2-625176585,S2-626844185,S2-628250699,S2-631707626,S2-637111710,S2-653974344,S2-66956465,S2-678248153,S2-705376563,S2-715857334,S2-731627394,S2-756721011,S2-775140476,S2-778993796,S2-799150443,S2-804642117,S2-810064332,S2-81608847,S2-839417518,S2-841383438,S2-862748237,S2-864634031,S2-875903468,S2-887694817
S1-42402348	S2-121170903,S2-159289810,S2-241868453,S2-265591149,S2-284859941,S2-471852141,S2-584595791,S2-670948516,S2-775527125,S2-825374035,S2-105539007,S2-11807248,S2-13109699,S2-169596443,S2-227533280,S2-23131271,S2-385376983,S2-508281458,S2-549306926,S2-555388659,S2-580796822,S2-611460372,S2-629145301,S2-6875174,S2-832127268,S2-939955733,S2-960729909,S2-10643910,S2-113949348,S2-113983374,S2-118267125,S2-120387414,S2-128309463,S2-129085158,S2-132308686,S2-145989453,S2-157731743,S2-160565736,S2-177532739,S2-17933853,S2-180273596,S2-18394219,S2-186595699,S2-206371754,S2-221645073,S2-225137710,S2-239918057,S2-240479267,S2-244753129,S2-247369598,S2-262190009,S2-268954816,S2-277102469,S2-280829591,S2-284388051,S2-291868119,S2-303976123,S2-305033035,S2-306233830,S2-353951791,S2-354433593,S2-369312187,S2-375889784,S2-377809075,S2-379298607,S2-405726244,S2-406590999,S2-422884878,S2-446275108,S2-458024137,S2-469201780,S2-482431175,S2-487078313,S2-502398434,S2-516576859
S1-792705717	S2-140262533,S2-19155561,S2-442309389,S2-625769266,S2-672935280,S2-813619348,S2-949188878,S2-105866597,S2-111825499,S2-174854820,S2-187161485,S2-240684112,S2-290466046,S2-297769178,S2-306799338,S2-354823045,S2-38332055,S2-415537409,S2-444470544,S2-500943015,S2-519492241,S2-559305781,S2-566981157,S2-573559551,S2-586980333,S2-603915580,S2-649210069,S2-71868611,S2-722592701,S2-832062769,S2-853563408,S2-885514418,S2-901352990,S2-914836178,S2-917833380,S2-937327246,S2-942146395,S2-969293230,S2-104170811,S2-10962430,S2-114551262,S2-128980300,S2-129143281,S2-129451079,S2-14337896,S2-143416809,S2-172605758,S2-207908657,S2-20804195,S2-253137217,S2-262960959,S2-274165472,S2-289877714,S2-304832264,S2-307066347,S2-32483644,S2-344873699,S2-34853703,S2-354370384,S2-364146512,S2-369253736,S2-410220212,S2-415947143,S2-433679955,S2-440510483,S2-444050107,S2-455572545,S2-46571140,S2-468551684,S2-492641878,S2-517370625,S2-527511752,S2-529023041,S2-532604558,S2-54749095
S1-954782176	S2-11389574,S2-20047958,S2-292440715,S2-395504295,S2-428176216,S2-479331549,S2-486149949,S2-710795247,S2-717103442,S2-808317602,S2-888667254,S2-906504493,S2-927243116,S2-136704480,S2-184190407,S2-248800034,S2-270527204,S2-395299404,S2-434331979,S2-652497457,S2-653808536,S2-684551309,S2-762842003,S2-794892610,S3-858380605,S2-107382124,S2-157482859,S2-158141789,S2-174754063,S2-177607872,S2-190847911,S2-205872304,S2-213413261,S2-24590465,S2-253122569,S2-259305279,S2-267163368,S2-288694625,S2-311211212,S2-320983511,S2-331836866,S2-332196423,S2-338807155,S2-346365199,S2-36209640,S2-364641587,S2-387505472,S2-392280059,S2-401040600,S2-404310649,S2-413262332,S2-414496095,S2-416107889,S2-427815191,S2-433068680,S2-439042318,S2-441073639,S2-449180095,S2-453576576,S2-486766292,S2-486940778,S2-49312012,S2-49649066,S2-501229096,S2-507922078,S2-53111074,S2-537760169,S2-541204139,S2-547704643,S2-563161129,S2-584732553,S2-59556650,S2-608717726,S2-6135423,S2-622378516
S1-200332639	S2-364119274,S2-56615637,S2-723735383,S2-833567422,S2-973332077,S3-578457144,S3-863717766,S2-20063423,S2-497761453,S2-647708749,S2-672129144,S2-709281541,S2-722256234,S2-839400827,S3-157134855,S3-38513863,S3-38929685,S3-581757636,S3-606049099,S3-654412402,S3-683142431,S3-726972027,S3-874615045,S3-91677565,S3-988699529,S2-103603271,S2-137062485,S2-155159431,S2-268504009,S2-312505258,S2-340648473,S2-349666272,S2-36464227,S2-394565864,S2-399391347,S2-414786044,S2-429445988,S2-44843332,S2-471977441,S2-488141050,S2-49209968,S2-494608576,S2-50513846,S2-523414820,S2-52846978,S2-541414076,S2-574121799,S2-587199503,S2-601008810,S2-619277617,S2-679288150,S2-692022593,S2-701990716,S2-70862450,S2-709084342,S2-715327535,S2-720347771,S2-765514786,S2-802682419,S2-828872229,S2-833823134,S2-84783174,S2-881913334,S2-974069070,S2-998440718,S3-131466330,S3-307500950,S3-594876013
S1-95744127	S2-149947181,S2-23433572,S2-349922014,S2-362826100,S2-393544104,S2-460552614,S2-482321715,S2-512104412,S2-569554225,S2-654708484,S2-668169417,S2-67822741,S2-723153530,S2-749932508,S2-837187320,S2-879463877,S2-945842043,S2-168317437,S2-302350716,S2-329443940,S2-360959196,S2-378905601,S2-572600926,S2-587470100,S2-62378883,S2-661413795,S2-722402750,S2-742538311,S2-797773070,S2-96691896,S2-104057849,S2-140181107,S2-156452752,S2-160677459,S2-1844885,S2-223054148,S2-24186152,S2-250715053,S2-255384538,S2-268970401,S2-277236290,S2-280531018,S2-293151236,S2-298793344,S2-300222325,S2-301547547,S2-303537028,S2-309127525,S2-312412347,S2-323569447,S2-332903939,S2-336981424,S2-340753025,S2-346928714,S2-357368386,S2-364026653,S2-371253295,S2-38197104,S2-382884863,S2-383857294,S2-388764352,S2-394257658,S2-407889315,S2-420869277,S2-432943515,S2-433868486,S2-44621127,S2-448667441,S2-456962217,S2-475979519,S2-479147770,S2-481649863,S2-490732870,S2-512697651,S2-521414662
S1-745478909	S2-153336614,S2-17149483,S2-206495455,S2-363654366,S2-422510029,S2-651190084,S2-81084363,S2-810987431,S2-823424049,S2-862841483,S2-863129268,S2-875780066,S2-913033756,S2-944030245,S2-206596444,S2-279114810,S2-299032018,S2-315694448,S2-325176208,S2-347167472,S2-355301462,S2-375441308,S2-387323350,S2-587742398,S2-826052002,S2-864202947,S2-983672962,S2-998183148,S2-115146211,S2-11891938,S2-133336545,S2-136358717,S2-14285358,S2-150870659,S2-160530551,S2-187453861,S2-195875196,S2-207192020,S2-210637945,S2-213099480,S2-215525554,S2-253458177,S2-272057562,S2-300422214,S2-308893253,S2-309079492,S2-309405400,S2-318004965,S2-336161616,S2-337102822,S2-337646006,S2-343396102,S2-368384203,S2-386723139,S2-387444698,S2-388524195,S2-399380334,S2-408707679,S2-43074571,S2-436785911,S2-452032950,S2-476145907,S2-504188280,S2-506402168,S2-506561628,S2-522905175,S2-526910948,S2-548296657,S2-56823540,S2-576382453,S2-582933655,S2-584058854,S2-586319037,S2-595236308,S2-608190117
S1-530639460	S2-120215656,S2-160221902,S2-17360295,S2-187514897,S2-222540081,S2-225137710,S2-335124172,S2-416568090,S2-442447046,S2-581279921,S2-64589483,S2-649938200,S2-678818787,S2-692850168,S2-731313495,S2-793153206,S2-861097596,S2-918237624,S2-94870785,S2-955285209,S2-981453578,S2-118267125,S2-121795405,S2-133044236,S2-146797073,S2-153087367,S2-154972975,S2-161465355,S2-163887487,S2-18394219,S2-190553331,S2-197730914,S2-205614877,S2-211872713,S2-237497049,S2-252717389,S2-256129886,S2-257275556,S2-282247919,S2-291868119,S2-303851961,S2-316196726,S2-333982104,S2-353219614,S2-353638829,S2-353951791,S2-36189361,S2-366063326,S2-370712170,S2-377809075,S2-391886434,S2-406590999,S2-409657574,S2-412024214,S2-431547534,S2-446847225,S2-467505244,S2-484849029,S2-492669899,S2-501562255,S2-512537516,S2-512976941,S2-526412482,S2-535260713,S2-543725336,S2-546445623,S2-548296657,S2-548576043,S2-549680077,S2-565073472,S2-586329791,S2-588095356,S2-596446650,S2-612912448,S2-613040771
S1-159641046	S2-174609481,S2-219374527,S2-30769224,S2-481306942,S2-673704658,S2-751058119,S2-76243565,S2-136113375,S2-216434283,S2-226551251,S2-372769846,S2-388362035,S2-410671671,S2-617626301,S2-620123006,S2-624920895,S2-80378413,S2-895791781,S2-110682148,S2-23901043,S2-277032270,S2-363838256,S2-471517558,S2-50523188,S2-537583427,S2-642802354,S2-742161378,S2-801379019,S2-849276951,S2-9840102,S2-132330429,S2-159679202,S2-169941243,S2-177471665,S2-182663984,S2-193044295,S2-208745607,S2-246022304,S2-246621020,S2-249142793,S2-249651604,S2-306859024,S2-316757635,S2-327754083,S2-339113111,S2-350793982,S2-357583711,S2-384330461,S2-407432333,S2-418704460,S2-464782107,S2-473412740,S2-491696628,S2-55171929,S2-570330444,S2-576816251,S2-578620577,S2-59291960,S2-604308090,S2-610817243,S2-613033114,S2-633677238,S2-648420391,S2-658583930,S2-665289858,S2-66786565,S2-683692604,S2-703976439,S2-738128272,S2-749468029,S2-751752775,S2-75408449,S2-758668214,S2-764710498,S2-787512993
S1-914199557	S2-453529241,S2-470063339,S2-518591005,S2-811461101,S2-843697657,S2-916927315,S2-152147008,S2-157038119,S2-180951794,S2-185023182,S2-214401786,S2-29490304,S2-308625565,S2-352732397,S2-359184334,S2-38422443,S2-417445518,S2-420741009,S2-46841953,S2-483554087,S2-48559112,S2-526156964,S2-54372809,S2-549426720,S2-63988745,S2-731905692,S2-750439811,S2-782452118,S2-783046182,S2-836441382,S2-907548123,S2-923564690,S2-931195525,S2-965913035,S2-990170758,S2-121292343,S2-143595546,S2-146017456,S2-164189233,S2-188225295,S2-214343299,S2-23719892,S2-237368135,S2-243179950,S2-247920454,S2-253016942,S2-263998570,S2-264286756,S2-285459994,S2-294617121,S2-329469491,S2-337500465,S2-361201832,S2-36674012,S2-373099152,S2-377645246,S2-397888479,S2-414260145,S2-424154942,S2-438699751,S2-440755233,S2-466976108,S2-483816022,S2-491920927,S2-495102685,S2-495723525,S2-504831441,S2-508700879,S2-521790924,S2-5233178,S2-527975197,S2-528326508,S2-535392529,S2-540000219,S2-545750154
S1-716043904	S2-438745319,S2-76951470,S2-134234251,S2-332541981,S2-5786835,S2-592773564,S2-781575150,S2-841156953,S2-120350789,S2-124738000,S2-124763609,S2-128909375,S2-135029159,S2-135101714,S2-150153674,S2-164229869,S2-175712255,S2-186876303,S2-190940690,S2-199744642,S2-208658115,S2-215572811,S2-220241734,S2-220350144,S2-224603825,S2-244205269,S2-248661998,S2-255957370,S2-288879756,S2-30315919,S2-303872943,S2-305891588,S2-307232293,S2-339463105,S2-342816056,S2-354126427,S2-366105027,S2-377226067,S2-380469836,S2-383151358,S2-384268522,S2-386085680,S2-388442684,S2-39330615,S2-403327360,S2-407376794,S2-421506198,S2-425137573,S2-427886163,S2-440899149,S2-442144356,S2-446611718,S2-454999648,S2-462795848,S2-476905970,S2-478797269,S2-480072917,S2-513674710,S2-514036427,S2-516989915,S2-517879192,S2-519935078,S2-524577919,S2-531224031,S2-531532737,S2-53736521,S2-539047506,S2-540181150,S2-562146553,S2-578987912,S2-585730064,S2-591278842,S2-597031750,S2-59798721,S2-600477966
S1-84540973	S2-146516261,S2-205518186,S2-209093728,S2-304538369,S2-308390109,S2-372202978,S2-382377359,S2-410329713,S2-426439815,S2-46777321,S2-474346550,S2-497025062,S2-51977302,S2-699391872,S2-745858935,S2-772269040,S2-829337272,S2-845577049,S2-868740769,S2-894693263,S2-933085923,S2-109825363,S2-111578499,S2-12111670,S2-138900880,S2-151722874,S2-153258175,S2-155894024,S2-160166483,S2-160265337,S2-167124257,S2-178025693,S2-191234144,S2-194626241,S2-217831407,S2-236860886,S2-240055623,S2-249679009,S2-255295280,S2-269978206,S2-284461674,S2-287271893,S2-288111512,S2-29015690,S2-290856590,S2-303520121,S2-305162309,S2-307909074,S2-308223196,S2-33679901,S2-344056000,S2-348422153,S2-351367892,S2-353205209,S2-353654188,S2-361391534,S2-376802144,S2-377914679,S2-384114386,S2-390562435,S2-39527162,S2-402226029,S2-403013360,S2-41410662,S2-421755668,S2-441754781,S2-462811931,S2-463699483,S2-478914877,S2-4892235,S2-49515600,S2-509856567,S2-520342079,S2-525862775,S2-544980161
S1-141683936	S2-815837877,S2-885574157,S3-575536882,S3-609656929,S3-550874191,S3-860973540,S2-115712955,S2-133187701,S2-134343079,S2-161314888,S2-175118939,S2-191428430,S2-208201364,S2-22511710,S2-240459402,S2-254287897,S2-261609512,S2-275012152,S2-338659024,S2-342035198,S2-35125996,S2-357751924,S2-383121074,S2-388455187,S2-400489664,S2-410536592,S2-41127398,S2-412646918,S2-442469402,S2-442983910,S2-566441111,S2-592141411,S2-592373234,S2-604528035,S2-63840243,S2-646646556,S2-668005153,S2-670512599,S2-679792493,S2-698966246,S2-717634575,S2-72931702,S2-746702729,S2-751351001,S2-765762046,S2-769686912,S2-785122850,S2-788158606,S2-788596664,S2-788646269,S2-818542192,S2-826591514,S2-834690924,S2-835709928,S2-836067880,S2-848219281,S2-867719447,S2-904515017,S2-907236889,S2-922184603,S2-944474767,S2-957480032,S2-964637900,S2-973743831,S2-978538327,S2-985812720,S2-997108783,S3-136599897,S3-205424219,S3-227833343,S3-233704141,S3-257002742,S3-277473530,S3-298861074,S3-386641239
S1-594942226	S2-257283762,S2-576245318,S2-768552033,S2-107653725,S2-11425975,S2-121892133,S2-126278665,S2-143183429,S2-151493351,S2-181264937,S2-182058125,S2-182727466,S2-206820667,S2-209709244,S2-23918113,S2-27491181,S2-286020093,S2-292650127,S2-309064789,S2-345171896,S2-379560376,S2-383772436,S2-402816908,S2-424287336,S2-457144644,S2-493709115,S2-537029637,S2-547415476,S2-550020777,S2-553201776,S2-555272663,S2-563768667,S2-568883081,S2-57057896,S2-591679849,S2-59333572,S2-615274636,S2-643117947,S2-65778837,S2-68576518,S2-73744368,S2-739462266,S2-750095525,S2-755279421,S2-793949630,S2-793994598,S2-814170031,S2-838237329,S2-857802749,S2-87023924,S2-870683342,S2-882649394,S2-922052082,S2-924447709,S2-931993182,S2-936121614,S2-945240904,S2-983353309,S3-158061430,S3-202907838,S3-248431113,S3-318247933,S3-323757508,S3-417702054,S3-425938367,S3-550316768,S3-676797580,S3-776622987,S3-782340505,S3-797565135,S3-953137256
S1-496780343	S2-701019903,S2-100198226,S2-124263291,S2-131853634,S2-135342120,S2-147330760,S2-163795743,S2-170324136,S2-193173021,S2-229482039,S2-272306924,S2-283112907,S2-294701046,S2-327481440,S2-328312541,S2-361304374,S2-374628565,S2-376386089,S2-415945966,S2-437058568,S2-439416647,S2-450113179,S2-45591095,S2-457089264,S2-471771152,S2-472748745,S2-491077673,S2-500894513,S2-518424724,S2-531546500,S2-539843182,S2-551295330,S2-567455429,S2-646714579,S2-649794719,S2-657591388,S2-659885682,S2-663040431,S2-686610328,S2-693992623,S2-70830058,S2-715827823,S2-736996381,S2-745509675,S2-768399837,S2-769292343,S2-798395028,S2-799788869,S2-800215424,S2-807288684,S2-831032137,S2-894982687,S2-896780861,S2-918832465,S2-925839052,S2-964385436,S3-117990083,S3-305283064,S3-305994343,S3-329071271,S3-343259890,S3-36834067,S3-393062833,S3-438888870,S3-534582038,S3-625648369,S3-626160798,S3-700165296,S3-802962407,S3-804287673,S3-885349074,S3-999332860
S1-164236538	S2-53881484,S2-640962831,S2-979673980,S2-102327290,S2-251813213,S2-434533907,S2-573336888,S2-601542806,S2-618552697,S2-685396642,S2-815106896,S2-906432680,S2-945028272,S2-958055142,S2-14285358,S2-14712821,S2-160530551,S2-180265724,S2-184342299,S2-195875196,S2-224100940,S2-246824224,S2-282723406,S2-289362718,S2-300422214,S2-308893253,S2-318004965,S2-320182721,S2-333741750,S2-352771475,S2-354377365,S2-357032363,S2-36131182,S2-372227455,S2-375886941,S2-387294941,S2-387444698,S2-389728157,S2-403805033,S2-414331147,S2-425941314,S2-426531916,S2-431337144,S2-450118600,S2-494105670,S2-501784129,S2-506438049,S2-521074581,S2-522905175,S2-523141443,S2-526910948,S2-526978992,S2-536732004,S2-538317623,S2-548296657,S2-55606571,S2-569436086,S2-57058003,S2-589831906,S2-590114820,S2-600863420,S2-627625091,S2-628723698,S2-633436047,S2-640572215,S2-645150708,S2-660039825,S2-663301829,S2-6675433,S2-686429561,S2-692895826,S2-693256682,S2-704280999,S2-713443973,S2-740073414
S1-316021079	S2-2785320,S2-310889064,S2-317986865,S2-340786070,S2-367682961,S2-484452861,S2-503347858,S2-561199640,S2-602353889,S2-626012117,S2-683438089,S2-733596657,S2-759342715,S2-770612182,S2-391634774,S2-554886397,S2-566548079,S2-685619150,S2-720590793,S2-120973360,S2-126113089,S2-157603653,S2-163939134,S2-170961238,S2-183699168,S2-185045472,S2-200433240,S2-223233556,S2-230535902,S2-252546059,S2-26324258,S2-26359493,S2-265900850,S2-287334534,S2-305424445,S2-314169444,S2-326695573,S2-341931214,S2-350787930,S2-362616628,S2-366305809,S2-366680673,S2-369458829,S2-383111503,S2-383148775,S2-39705888,S2-409171065,S2-429657541,S2-446896640,S2-456984958,S2-471713609,S2-474277193,S2-479002090,S2-481381052,S2-482101928,S2-496534436,S2-505269949,S2-512382393,S2-514400007,S2-522303350,S2-532388155,S2-540926914,S2-549881386,S2-568866729,S2-593290764,S2-598369688,S2-600211546,S2-611382926,S2-623089777,S2-632127605,S2-640420911,S2-648070904,S2-649568956,S2-652719449,S2-656749559
S1-830776667	S2-888667254,S2-11389574,S2-20047958,S2-292440715,S2-395504295,S2-428176216,S2-479331549,S2-486149949,S2-710795247,S2-717103442,S2-808317602,S2-906504493,S2-927243116,S2-136704480,S2-184190407,S2-248800034,S2-270527204,S2-395299404,S2-434331979,S2-652497457,S2-653808536,S2-684551309,S2-762842003,S2-794892610,S2-107382124,S2-132264013,S2-157482859,S2-158141789,S2-174754063,S2-177607872,S2-180416883,S2-181374232,S2-190847911,S2-205872304,S2-213413261,S2-24590465,S2-253122569,S2-259305279,S2-267163368,S2-288694625,S2-290389184,S2-311211212,S2-320983511,S2-331836866,S2-346365199,S2-36209640,S2-385560657,S2-387505472,S2-392280059,S2-394116005,S2-399377078,S2-401040600,S2-404310649,S2-414496095,S2-416107889,S2-441073639,S2-443426405,S2-449180095,S2-453576576,S2-45797656,S2-459292686,S2-486766292,S2-49649066,S2-501229096,S2-507922078,S2-53111074,S2-537760169,S2-547704643,S2-560657608,S2-563161129,S2-56705114,S2-570669172,S2-584732553,S2-59556650,S2-608717726
S1-825411169	S2-549273139,S2-141491952,S2-17144219,S2-245578125,S2-268311608,S2-283513785,S2-363615275,S2-394148780,S2-395645100,S2-412565078,S2-422915978,S2-520523173,S2-529566185,S2-535903731,S2-557996746,S2-653447605,S2-719417593,S2-727492136,S2-759701304,S2-79916674,S2-821239773,S2-865272003,S2-911051104,S2-942953802,S2-971005923,S2-103603271,S2-136277018,S2-137062485,S2-150614194,S2-155159431,S2-169786112,S2-171711333,S2-184079176,S2-188968612,S2-210427855,S2-211936850,S2-238921445,S2-241830111,S2-247605252,S2-249257582,S2-24929898,S2-2620950,S2-264393797,S2-268504009,S2-272338977,S2-286391637,S2-290103096,S2-291415929,S2-306396258,S2-311660178,S2-316935854,S2-317069449,S2-317793507,S2-319773604,S2-339050149,S2-343685777,S2-349666272,S2-350040834,S2-355220934,S2-394565864,S2-394779123,S2-399391347,S2-42235226,S2-433598202,S2-44843332,S2-451102280,S2-46373321,S2-471977441,S2-488141050,S2-496604566,S2-501544820,S2-50513846,S2-51200914,S2-518159973,S2-523854763
S1-839027913	S3-323018721,S3-818830238,S2-103300824,S2-108386413,S2-109243408,S2-114378427,S2-124522842,S2-133588971,S2-140212641,S2-150348786,S2-159561472,S2-162578297,S2-166757273,S2-169495813,S2-169840421,S2-17882815,S2-181945985,S2-213807488,S2-213953299,S2-215874680,S2-216843139,S2-226715957,S2-241659706,S2-251862641,S2-252774460,S2-253479679,S2-267478203,S2-268084502,S2-273949861,S2-276944356,S2-27779064,S2-286482527,S2-30576729,S2-322918774,S2-325811977,S2-334354664,S2-335163343,S2-341918859,S2-351953646,S2-365265655,S2-386066040,S2-393629406,S2-396457124,S2-396676816,S2-400697997,S2-402944225,S2-40901728,S2-427767176,S2-435943401,S2-43752605,S2-439796749,S2-449827917,S2-453569170,S2-47465281,S2-477831021,S2-509405735,S2-512832232,S2-525930404,S2-542711083,S2-543981898,S2-551682918,S2-57039525,S2-602676580,S2-605961545,S2-607347205,S2-615170786,S2-615399596,S2-625085293,S2-631726001,S2-642367103,S2-647506707,S2-657685173,S2-662103125,S2-666657274,S2-678754713
S1-443605421	S2-114113860,S2-127649829,S2-268660021,S2-371200780,S2-472527104,S2-540656284,S2-550265337,S2-564565842,S2-618844064,S2-623517407,S2-814853152,S2-877479417,S2-880342210,S2-971955195,S2-169597264,S2-303913925,S2-319574889,S2-373416377,S2-460064158,S2-487805187,S2-539185949,S2-657355752,S2-699504265,S2-722432075,S2-956664503,S2-118357205,S2-126113089,S2-156268656,S2-161022947,S2-176453879,S2-200433240,S2-201666450,S2-202231844,S2-227000756,S2-260503329,S2-26324258,S2-288455596,S2-290606494,S2-326695573,S2-334498866,S2-335850182,S2-360118941,S2-360889842,S2-369458829,S2-371573506,S2-375663282,S2-39029613,S2-403858184,S2-425453422,S2-430965102,S2-434113307,S2-443747993,S2-451636233,S2-456984958,S2-471713609,S2-474277193,S2-476420848,S2-479002090,S2-49680847,S2-505478241,S2-512382393,S2-512415669,S2-544007630,S2-545281379,S2-545916452,S2-557541533,S2-558999710,S2-56069964,S2-570645568,S2-584248614,S2-600211546,S2-607644157,S2-609322452,S2-613280703,S2-640420911
S1-733382831	S2-239516412,S2-419509015,S2-497801198,S2-581291684,S2-959336293,S2-105548834,S2-129176344,S2-129860096,S2-138371332,S2-153642027,S2-159076084,S2-16405678,S2-179774760,S2-180671773,S2-187472228,S2-20811736,S2-220020896,S2-220576255,S2-222812515,S2-242921812,S2-24510270,S2-250476856,S2-256442535,S2-265516035,S2-281680140,S2-294236401,S2-305512413,S2-308994390,S2-312927989,S2-323474490,S2-327501950,S2-332401461,S2-333556190,S2-334960001,S2-348850240,S2-369931777,S2-376376659,S2-383082109,S2-386406783,S2-397242686,S2-397350469,S2-399730522,S2-399822696,S2-403510310,S2-410355583,S2-424980625,S2-42667366,S2-431530908,S2-433887889,S2-434056480,S2-436898456,S2-452774318,S2-485311578,S2-50033586,S2-506651129,S2-516816103,S2-517574721,S2-522150433,S2-553761013,S2-576161707,S2-577112681,S2-579558004,S2-584879283,S2-588699157,S2-593504218,S2-612888230,S2-632687951,S2-633798864,S2-653445259,S2-656699826,S2-663368499,S2-669692328,S2-690301307,S2-694992029,S2-697309654
S1-948342376	S2-265904404,S2-493322302,S2-729668340,S2-877250720,S2-104598516,S2-108014418,S2-110273175,S2-11392082,S2-126343068,S2-12696887,S2-136930142,S2-140925376,S2-146201376,S2-155455751,S2-17045501,S2-196996305,S2-201089624,S2-21532254,S2-220022698,S2-227088307,S2-244837063,S2-251519835,S2-253523780,S2-255972269,S2-259929846,S2-262284598,S2-266974224,S2-267253559,S2-287097561,S2-287396608,S2-289081215,S2-295092312,S2-300112997,S2-307228825,S2-309883270,S2-310152220,S2-333351111,S2-333783842,S2-335417080,S2-335824719,S2-340310009,S2-344018433,S2-346945355,S2-352729958,S2-370041642,S2-371549760,S2-376561901,S2-393070864,S2-396377165,S2-405731150,S2-421692871,S2-429491616,S2-437494471,S2-439991937,S2-444684413,S2-444977711,S2-448850957,S2-45085974,S2-454842860,S2-460900726,S2-469517184,S2-474495701,S2-47517892,S2-484533398,S2-485785112,S2-495807720,S2-505785090,S2-515773372,S2-518683159,S2-530487470,S2-557987308,S2-560505973,S2-562439207,S2-564368946,S2-57046353
S1-975797180	S2-120958253,S2-210717517,S2-222024725,S2-2567647,S2-276160279,S2-420291012,S2-472530538,S2-503045539,S2-518525663,S2-556451,S2-577275672,S2-640284162,S2-642768798,S2-654784858,S2-677289558,S2-68205814,S2-82856803,S2-929993769,S2-934922347,S2-186861348,S2-406417949,S2-416793407,S2-688592967,S2-727587807,S2-751383916,S2-789778292,S2-928965703,S2-943123910,S2-112834662,S2-126904244,S2-16781957,S2-177804281,S2-182727466,S2-183361244,S2-188543687,S2-188812789,S2-202865833,S2-213155740,S2-215164855,S2-222608711,S2-23403278,S2-247585049,S2-248155043,S2-260427594,S2-267535366,S2-282451539,S2-288640767,S2-301219117,S2-324602875,S2-333897582,S2-334060084,S2-347327452,S2-351096562,S2-355055649,S2-370635933,S2-376050559,S2-386235144,S2-388698583,S2-39659179,S2-416415330,S2-41936839,S2-4308479,S2-435186918,S2-453572513,S2-454522940,S2-460301822,S2-460425686,S2-470765700,S2-484254998,S2-497239235,S2-502724880,S2-507361659,S2-522929772,S2-526936175,S2-527515777
S1-823691936	S2-362017970,S3-386417737,S2-59259810,S2-138964,S2-185231600,S2-274443840,S2-319674840,S2-334251862,S2-392191602,S2-430626836,S2-448224995,S2-480981024,S2-4813332,S2-505777094,S2-516959600,S2-523431271,S2-524897246,S2-527540442,S2-531512732,S2-563686206,S2-590468797,S2-606388991,S2-629680948,S2-643746793,S2-714406186,S2-715817947,S2-739349550,S2-771670102,S2-772556473,S2-802785409,S2-804247280,S2-806702893,S2-867283914,S2-90298060,S2-921869716,S2-942279410,S2-980561446,S3-113351665,S3-33740315,S3-373662193,S3-49929054,S3-501302240,S3-543330495,S3-617454066,S3-786475291,S3-817123561,S3-825476316,S3-837564504,S3-877915290,S3-928151047
S1-178294692	S2-145521404,S2-158363027,S2-176968531,S2-27986137,S2-310613953,S2-38917398,S2-39079223,S2-39401964,S2-399449669,S2-457500956,S2-516249560,S2-574914445,S2-619859806,S2-716687956,S2-716961117,S2-734993182,S2-866650875,S2-92868774,S2-122570602,S2-199669656,S2-209549510,S2-287872643,S2-304562241,S2-456957169,S2-574092301,S2-586812390,S2-671212976,S2-69559356,S2-743951385,S2-999927060,S2-103820926,S2-128076983,S2-139762863,S2-147364644,S2-149909781,S2-169988993,S2-180148157,S2-218374101,S2-218771556,S2-244847722,S2-255398746,S2-263085427,S2-271542003,S2-304433271,S2-305692053,S2-312125729,S2-315927317,S2-331052709,S2-33267509,S2-358183733,S2-362179167,S2-387028715,S2-390323075,S2-401417353,S2-418311879,S2-428794986,S2-447033408,S2-450032334,S2-453368719,S2-469749266,S2-473508533,S2-497604553,S2-499162538,S2-500481645,S2-515364830,S2-531415680,S2-53223513,S2-535762772,S2-543992094,S2-55434341,S2-575370403,S2-581361436,S2-596844693,S2-613664314,S2-616467580
S1-97942542	S3-223764583,S2-103194364,S2-103198031,S2-113542766,S2-1262361,S2-133336257,S2-138046867,S2-138780116,S2-145729774,S2-156068621,S2-160915836,S2-169311626,S2-172206969,S2-189331508,S2-224397531,S2-234309091,S2-23798630,S2-243366280,S2-24977545,S2-250783482,S2-259422684,S2-276590182,S2-277236290,S2-281240000,S2-300122737,S2-302258805,S2-304854827,S2-304921784,S2-309669009,S2-310284738,S2-310761814,S2-313797573,S2-324129652,S2-328321473,S2-335038001,S2-337208149,S2-339550517,S2-349453927,S2-368783888,S2-379782660,S2-396309717,S2-399064680,S2-409154662,S2-410535617,S2-418692210,S2-429693426,S2-438816523,S2-456248578,S2-456578179,S2-4603205,S2-476985924,S2-478701437,S2-48263108,S2-485213030,S2-486239374,S2-489185782,S2-50216048,S2-50837006,S2-514195742,S2-514215675,S2-519136098,S2-520461134,S2-532356453,S2-533036042,S2-537775011,S2-545370967,S2-546333541,S2-549799338,S2-551579522,S2-564956091,S2-570554268,S2-588470006,S2-59004329,S2-590760800,S2-592464619
S1-574959068	S3-505201989,S2-134228433,S2-322873754,S2-555893480,S2-770970288,S2-786082703,S2-859509172,S3-121253027,S3-357846143,S3-418769096,S3-641577338,S3-68273704,S3-771123731,S3-789362675,S3-858193733,S3-911662747,S3-96055459,S2-155455751,S2-155893497,S2-159711236,S2-183736713,S2-184790458,S2-192955479,S2-213219492,S2-239946282,S2-250165525,S2-265904404,S2-296732580,S2-309883270,S2-333783842,S2-377611833,S2-417089701,S2-437494471,S2-444977711,S2-450662627,S2-472255031,S2-472545786,S2-505785090,S2-518683159,S2-531452730,S2-557987308,S2-574530624,S2-629275709,S2-642235573,S2-642855647,S2-707360107,S2-728178986,S2-750426664,S2-767461053,S2-791349534,S2-815983850,S2-82841215,S2-834299296,S2-843874274,S2-844316554,S2-850601868,S2-898910664,S2-899560411,S2-902400210,S2-921472751,S2-931818185,S2-96426489,S2-995265148,S2-99852617,S3-193079874,S3-333067761,S3-676749063,S3-696976147,S3-93059942
S1-980390394	S2-229197744,S2-242981140,S2-277513176,S2-460173169,S2-631699942,S2-858317407,S3-768457140,S2-10843047,S2-121624082,S2-153985021,S2-166741548,S2-181817888,S2-186345463,S2-206164753,S2-223355529,S2-224622395,S2-234647355,S2-241356946,S2-250338271,S2-259258773,S2-260110980,S2-302292397,S2-305087729,S2-307066347,S2-312239231,S2-32902191,S2-337106337,S2-341826301,S2-371189831,S2-389403957,S2-403521499,S2-404439207,S2-421451140,S2-434139785,S2-439112229,S2-439199669,S2-439952051,S2-443430601,S2-448478539,S2-450441555,S2-481167409,S2-482818431,S2-485055793,S2-489369957,S2-554240151,S2-576587089,S2-58051800,S2-580864342,S2-588882468,S2-615074386,S2-616596430,S2-623687378,S2-624543653,S2-633150700,S2-669894433,S2-678730133,S2-680931766,S2-687022766,S2-689381654,S2-690876331,S2-693133900,S2-704038912,S2-705792244,S2-708296723,S2-71194137,S2-724255978,S2-729366276,S2-731704021,S2-738858119,S2-739596211,S2-754733748,S2-77750491,S2-786686219,S2-815226082,S2-821125462
S1-113946951	S2-864018408,S2-916277894,S3-270274320,S3-865998876,S2-147442636,S2-285089615,S2-296833508,S2-374734580,S2-453471614,S2-627656577,S2-671421499,S2-677096266,S2-706426054,S2-718055285,S2-720316810,S2-743654809,S2-798122281,S2-912452188,S2-930950215,S3-193795781,S3-201446619,S3-552353491,S3-687292802,S3-750951562,S2-113632866,S2-131191820,S2-192390398,S2-209338280,S2-221438387,S2-222549260,S2-225895162,S2-252675053,S2-283987544,S2-294848078,S2-302185465,S2-33105288,S2-344758588,S2-34815190,S2-374538617,S2-380004155,S2-386970348,S2-39536817,S2-41652492,S2-421764787,S2-436705260,S2-444058342,S2-459587907,S2-473978903,S2-479233036,S2-49515051,S2-495476625,S2-498205685,S2-499860960,S2-50131368,S2-513622283,S2-521882658,S2-524633617,S2-525681970,S2-530614152,S2-535757276,S2-566458591,S2-597772479,S2-60317469,S2-604783347,S2-619783836,S2-623992763,S2-639682101,S2-683208592,S2-711346543,S2-711408485,S2-716590584,S2-730839674,S2-735015338,S2-751875279,S2-778897160
S1-878217034	S2-652709250,S2-118342751,S2-187605197,S2-271638442,S2-317653645,S2-32149187,S2-368803099,S2-392340560,S2-412402638,S2-436130825,S2-440543664,S2-448714700,S2-495110941,S2-498992987,S2-550094493,S2-550179915,S2-556363885,S2-594610204,S2-627367423,S2-634176243,S2-656553943,S2-670355375,S2-673095595,S2-729222259,S2-784374178,S2-834358955,S2-882407305,S2-904020036,S2-919987276,S2-102680527,S2-14589744,S2-147619555,S2-152927743,S2-164189233,S2-189563199,S2-191027293,S2-252579114,S2-266112915,S2-269360610,S2-275042252,S2-279090622,S2-287412120,S2-288866588,S2-29415033,S2-305733147,S2-306354760,S2-307910042,S2-309926538,S2-321169551,S2-321660864,S2-325686119,S2-33605025,S2-35794811,S2-36927674,S2-373276483,S2-443928363,S2-451156392,S2-464266370,S2-482325778,S2-490023128,S2-495311445,S2-499581282,S2-523437750,S2-530880857,S2-533983144,S2-543627120,S2-549102834,S2-557072115,S2-561402016,S2-568462995,S2-570632456,S2-60057493,S2-605565829,S2-606228026,S2-609396819
S1-250810347	S2-230946285,S2-290216921,S2-477936301,S2-717546,S2-91565291,S2-105631146,S2-399377078,S2-410773396,S2-449077584,S2-911707253,S3-671251635,S2-104534695,S2-112462911,S2-114467504,S2-114528188,S2-116909252,S2-11792990,S2-12450764,S2-128745860,S2-146870957,S2-150248993,S2-150782499,S2-171373513,S2-177047072,S2-185284448,S2-203646586,S2-22769643,S2-236254404,S2-249672047,S2-257098293,S2-257581931,S2-264731923,S2-274296724,S2-285859028,S2-29436415,S2-298315184,S2-301404229,S2-316755660,S2-316942619,S2-318023531,S2-321346123,S2-328505196,S2-328593598,S2-332642552,S2-343306176,S2-358664628,S2-359374599,S2-363816401,S2-389285182,S2-396070936,S2-398031801,S2-39811609,S2-3997594,S2-399943317,S2-406062395,S2-408990323,S2-412247333,S2-413392218,S2-413719672,S2-414059541,S2-431539067,S2-443502225,S2-446167530,S2-448755747,S2-450994825,S2-45735977,S2-461183202,S2-463617918,S2-467452972,S2-472285726,S2-475564547,S2-476711018,S2-481240106,S2-490917609,S2-492175843
S1-796234929	S2-539807380,S2-334609509,S2-537488164,S2-663659989,S2-673114095,S2-796819330,S2-958124035,S3-420636497,S2-63839702,S2-657226214,S2-662065099,S2-837631086,S2-859554947,S3-126946362,S3-146506659,S3-269356589,S3-300732352,S3-302163232,S3-390114482,S3-48629235,S3-509952428,S3-54100510,S3-871902122,S3-948464058,S2-143904762,S2-171410315,S2-171689392,S2-176875086,S2-194921468,S2-2168863,S2-229223392,S2-293490380,S2-341489678,S2-355198139,S2-36712030,S2-3754796,S2-398296370,S2-417661858,S2-434186678,S2-473953346,S2-544953229,S2-553976339,S2-586551026,S2-594699424,S2-60342072,S2-616618442,S2-643198837,S2-689268584,S2-720323189,S2-733030529,S2-772242601,S2-787461022,S2-798751741,S2-848800291,S2-86251091,S2-903384649,S2-903476659,S2-956905849,S2-980895175,S3-36653091,S3-497683332,S3-705709170,S3-771272831,S3-79371010
S1-934003476	S2-468966787,S2-451040451,S2-508249560,S2-277697212,S2-374144788,S2-701272266,S3-650603724,S2-102803328,S2-133763910,S2-14678966,S2-170428654,S2-20772632,S2-210581592,S2-220517914,S2-25581568,S2-260686291,S2-261460413,S2-262422608,S2-27132776,S2-275753547,S2-309548103,S2-328795835,S2-337278625,S2-370771981,S2-372578382,S2-389886834,S2-402012251,S2-40698696,S2-415448547,S2-461045796,S2-481461113,S2-484026934,S2-518479834,S2-523078720,S2-524215045,S2-534560686,S2-570309596,S2-604272951,S2-613418598,S2-622712826,S2-623058985,S2-635218733,S2-640600013,S2-642683235,S2-660406291,S2-665701640,S2-67308550,S2-706477869,S2-719165825,S2-726403273,S2-732400271,S2-732913244,S2-749441299,S2-752654978,S2-752783923,S2-771118498,S2-796505948,S2-806167581,S2-821073219,S2-823967274,S2-840538759,S2-84373898,S2-846133758,S2-846958800,S2-853590737,S2-856906048,S2-882980451,S2-883117276,S2-901492494,S2-909474634,S2-924067151,S2-930375017,S2-945740767,S2-946839387,S2-963979279
S1-211535546	S2-23179608,S2-246534162,S2-314925002,S2-329256726,S2-471156571,S2-487803690,S2-597430663,S2-626546137,S2-684014035,S2-831625227,S2-840733107,S2-841227826,S2-979515993,S2-103522814,S2-114313558,S2-115249414,S2-123943047,S2-141427427,S2-163482996,S2-181720132,S2-199141006,S2-210842484,S2-21618733,S2-229473168,S2-236766919,S2-239346731,S2-25136748,S2-252598928,S2-264897573,S2-266701076,S2-275404449,S2-28413258,S2-284339595,S2-285483069,S2-305666391,S2-309215976,S2-310476627,S2-311552287,S2-315813207,S2-318245088,S2-352431855,S2-358006176,S2-367372703,S2-369875235,S2-370387717,S2-379118065,S2-395396363,S2-395810184,S2-401322896,S2-411872274,S2-42308539,S2-434499413,S2-443910732,S2-455209026,S2-457792426,S2-460916094,S2-467021741,S2-467381685,S2-469710327,S2-472902752,S2-485419143,S2-487115432,S2-490270288,S2-496024117,S2-496289135,S2-498853789,S2-50449113,S2-505825485,S2-518480527,S2-526958838,S2-542891236,S2-546063743,S2-548870825,S2-559540351,S2-565674566
S1-535840870	S2-159500646,S2-177677106,S2-315546203,S2-572934566,S2-704675541,S2-125512994,S2-143324730,S2-161314384,S2-16963633,S2-169956258,S2-174333707,S2-178777487,S2-196775737,S2-197738543,S2-204172845,S2-204440999,S2-209332488,S2-210109609,S2-210115827,S2-21729431,S2-229254389,S2-239430387,S2-242709098,S2-246419018,S2-257180578,S2-259105160,S2-263698393,S2-27087381,S2-277829128,S2-279679940,S2-307706451,S2-315822437,S2-317085697,S2-342006176,S2-34323724,S2-34517312,S2-354791199,S2-359746192,S2-36486269,S2-397600396,S2-400201930,S2-410842448,S2-411895623,S2-417138903,S2-422774904,S2-431095412,S2-43898665,S2-440200685,S2-445533917,S2-446211880,S2-453108873,S2-469078166,S2-484290919,S2-51424319,S2-540071929,S2-542555086,S2-552834099,S2-562526081,S2-573094730,S2-577625418,S2-583078753,S2-583118256,S2-584702629,S2-597797092,S2-607361322,S2-614669962,S2-625613092,S2-639823389,S2-648420391,S2-651687853,S2-665938477,S2-666886695,S2-686350780,S2-70367717,S2-723041986
S1-623475769	S2-727492574,S2-864666119,S3-639010776,S2-111095665,S2-263276836,S2-335907713,S2-461264956,S2-503776956,S2-513330628,S2-618005228,S2-99690660,S3-165143691,S3-269194036,S3-449177134,S3-732892718,S2-111300412,S2-119281088,S2-124744569,S2-132463072,S2-145255290,S2-163283036,S2-163791989,S2-174609481,S2-177471665,S2-219374527,S2-220286148,S2-246530515,S2-246621020,S2-264126169,S2-265665909,S2-281281039,S2-29652762,S2-30769224,S2-318131285,S2-319285750,S2-345513804,S2-362449790,S2-366906658,S2-384268522,S2-384330461,S2-407432333,S2-44005583,S2-481306942,S2-487925537,S2-493173042,S2-500603055,S2-509866238,S2-521267627,S2-528771590,S2-5350281,S2-55244124,S2-565344902,S2-571687417,S2-578620577,S2-579343343,S2-589966270,S2-592035967,S2-613033114,S2-626908866,S2-629960265,S2-648420391,S2-658981135,S2-663529138,S2-66510215,S2-673704658,S2-683692604,S2-69430405,S2-6944207,S2-695083399,S2-696179681,S2-701255115,S2-725425922,S2-751058119,S2-76243565,S2-785190895
S1-174234108	S2-537574794,S2-963432272,S2-120034519,S2-751276912,S2-974865307,S2-118757841,S2-120067219,S2-123810055,S2-133078736,S2-136277018,S2-136562346,S2-140828167,S2-144982655,S2-163588551,S2-181968577,S2-188854449,S2-205428797,S2-206351122,S2-206536312,S2-219816097,S2-223690167,S2-225327280,S2-252555964,S2-254879884,S2-262130530,S2-271485597,S2-277234595,S2-29108033,S2-296810150,S2-301192023,S2-335699832,S2-335715756,S2-375559739,S2-377520559,S2-377917091,S2-392013271,S2-392085363,S2-401041867,S2-407542057,S2-412581752,S2-415612155,S2-417581020,S2-419883706,S2-42524877,S2-435842809,S2-441989615,S2-446908159,S2-466119966,S2-472933965,S2-497464731,S2-499192619,S2-517876961,S2-543476648,S2-555690021,S2-571641856,S2-571893510,S2-585736432,S2-58660078,S2-590924304,S2-597567443,S2-606876985,S2-608857922,S2-618907351,S2-621153347,S2-628177939,S2-634220426,S2-640943783,S2-646161631,S2-659131535,S2-66361628,S2-680235144,S2-69964320,S2-726289755,S2-739046764,S2-756890612
S1-133479118	S2-753769600,S2-515881707,S2-845535702,S2-136594018,S2-193067136,S2-895363993,S2-997610957,S2-1005810,S2-101490015,S2-103296406,S2-108946285,S2-130019114,S2-131606423,S2-133600128,S2-148139359,S2-154199222,S2-157028448,S2-157110473,S2-165863386,S2-169316016,S2-191644625,S2-194518373,S2-197950565,S2-202485212,S2-202538821,S2-205773266,S2-209679627,S2-212501935,S2-228443906,S2-228917785,S2-234002783,S2-234581733,S2-235546170,S2-24138846,S2-252462549,S2-266866988,S2-269854461,S2-276974011,S2-280435370,S2-306099701,S2-307231297,S2-31314047,S2-317003760,S2-322425059,S2-324101411,S2-324848212,S2-328838510,S2-330463057,S2-333288756,S2-334871654,S2-341640249,S2-347346423,S2-348605539,S2-3579133,S2-365966684,S2-367885937,S2-385605030,S2-389422921,S2-391202970,S2-397018573,S2-398113405,S2-405223545,S2-426852339,S2-431243886,S2-431590321,S2-436663188,S2-437611049,S2-447845868,S2-4496094,S2-450816300,S2-457232209,S2-46620238,S2-472818132,S2-477650378,S2-48199571
S1-558794180	S2-334526165,S2-363334966,S2-496069716,S2-533183014,S2-651277821,S2-654671329,S2-688738996,S2-780571246,S2-916629092,S2-935733411,S2-12181921,S2-200920643,S2-295148779,S2-31222388,S2-799992009,S2-905124789,S2-917032712,S2-933173509,S2-101876165,S2-103658500,S2-103664290,S2-111888725,S2-123355471,S2-136250442,S2-141660297,S2-146762513,S2-147593074,S2-156590543,S2-163911022,S2-164187006,S2-179164897,S2-181066541,S2-185935171,S2-208180300,S2-234592837,S2-25128308,S2-259608730,S2-272013769,S2-278123685,S2-295253343,S2-297187052,S2-303146584,S2-338655070,S2-345034611,S2-379774894,S2-383710736,S2-392495659,S2-395171372,S2-399885895,S2-405208546,S2-409643295,S2-420487799,S2-424800974,S2-437567938,S2-438671123,S2-445294210,S2-457731660,S2-489104446,S2-496538802,S2-517255269,S2-522486542,S2-5338519,S2-549867665,S2-555988444,S2-56330533,S2-576215162,S2-584952651,S2-592650888,S2-624090422,S2-629851329,S2-668581795,S2-683282826,S2-685598644,S2-686425569,S2-692214037
S1-555388048	S2-362555190,S2-454272837,S2-5405243,S2-56744275,S2-576774941,S2-890896148,S2-150965879,S2-171161046,S2-302080693,S2-325340520,S2-365394641,S2-368462066,S2-422350822,S2-446792539,S2-512690883,S2-545940068,S2-706422938,S2-795089767,S2-834393948,S2-993003422,S2-159918016,S2-319250438,S2-3714342,S2-405435509,S2-406552281,S2-412501787,S2-466022803,S2-528305272,S2-701735103,S2-816261855,S2-911604735,S2-103317508,S2-104215369,S2-145204119,S2-152155683,S2-168976669,S2-206260571,S2-218771556,S2-231087677,S2-271356150,S2-292552164,S2-294062437,S2-309008061,S2-340832937,S2-347137455,S2-381847535,S2-387779789,S2-39079223,S2-394462592,S2-428807784,S2-44606463,S2-499914480,S2-530782742,S2-560732759,S2-5646683,S2-575206081,S2-588664014,S2-589492301,S2-590829133,S2-595414933,S2-621125394,S2-651686155,S2-662221399,S2-66551486,S2-683377661,S2-689536208,S2-695214151,S2-696383120,S2-71253815,S2-719899958,S2-731936604,S2-756065363,S2-758215776,S2-764207423,S2-77224307
S1-5974875	S2-334683526,S2-489786448,S2-674314791,S2-749410748,S2-8198621,S2-887201571,S2-887471893,S2-995676521,S2-111426366,S2-114762618,S2-52930413,S2-548524080,S2-779347202,S3-34152919,S2-109837755,S2-121889101,S2-13436167,S2-136428497,S2-146729436,S2-15377769,S2-155897140,S2-159970265,S2-167226004,S2-175277180,S2-181177578,S2-184773361,S2-191674686,S2-194081902,S2-199243927,S2-204682238,S2-209916870,S2-224462530,S2-254268541,S2-256873803,S2-262669671,S2-274872585,S2-276085472,S2-279006150,S2-282517307,S2-287241449,S2-290358061,S2-29259343,S2-302783501,S2-30525788,S2-309162997,S2-318197737,S2-319115215,S2-321537582,S2-324349895,S2-327994497,S2-330853911,S2-355090340,S2-365095218,S2-367661217,S2-388896236,S2-392182108,S2-395817132,S2-398102563,S2-401913793,S2-41955414,S2-422205084,S2-443097411,S2-455210873,S2-462524187,S2-466237737,S2-492679296,S2-49570665,S2-497689768,S2-511693146,S2-51368036,S2-515201295,S2-515327964,S2-519878182,S2-521043705,S2-538423271
S1-631569262	S2-242382648,S2-342712833,S2-405196382,S2-491441309,S2-539943184,S2-666185996,S2-769858942,S2-790575557,S2-905049598,S2-930882610,S2-27164175,S2-452687648,S2-596285860,S2-714587509,S2-97845042,S3-446499334,S2-105146290,S2-120060080,S2-126222886,S2-13008477,S2-134826476,S2-142609972,S2-143952942,S2-16791478,S2-170890693,S2-171837447,S2-174181477,S2-185537657,S2-185920568,S2-196270588,S2-206654670,S2-247889611,S2-253862413,S2-262095375,S2-263591510,S2-268988303,S2-271004433,S2-275429546,S2-2755526,S2-278285112,S2-279020077,S2-304145150,S2-308104017,S2-312469685,S2-321398182,S2-340373217,S2-374493438,S2-380589393,S2-380743763,S2-38097712,S2-390808407,S2-39651061,S2-414425398,S2-420556896,S2-426610564,S2-435125559,S2-452774031,S2-45504738,S2-477608086,S2-482899221,S2-483480832,S2-48909020,S2-493960420,S2-509267976,S2-509606065,S2-509760572,S2-510424275,S2-514411949,S2-520329635,S2-554621888,S2-56408648,S2-565415847,S2-567265132,S2-585316294,S2-592512342
S1-985652160	S2-376939341,S2-866729596,S2-813086233,S2-473305544,S2-736490414,S2-811142534,S2-110341983,S2-528309089,S2-596160677,S2-629120356,S2-632058285,S2-664731653,S2-782739918,S2-855457055,S2-880422318,S2-106515834,S2-114105222,S2-114928653,S2-115065418,S2-121614058,S2-13498915,S2-140816098,S2-140824404,S2-144131466,S2-153281445,S2-197925714,S2-20155635,S2-207240265,S2-20945317,S2-210138644,S2-213671443,S2-218522579,S2-220839689,S2-227703550,S2-235544520,S2-236302728,S2-240926854,S2-241866203,S2-269353561,S2-282873430,S2-288046351,S2-291266819,S2-300228437,S2-301343129,S2-306905047,S2-308448235,S2-312234449,S2-314499921,S2-31803204,S2-318424094,S2-328779974,S2-336854356,S2-342008392,S2-346939652,S2-350255317,S2-352104367,S2-356227613,S2-363185971,S2-403858483,S2-406642416,S2-421733717,S2-433843843,S2-442188376,S2-449958163,S2-46101821,S2-46258986,S2-464449701,S2-473637610,S2-478312353,S2-478416988,S2-490158564,S2-512963538,S2-516270939,S2-560659199,S2-561499401
S1-210935903	S2-657153982,S2-154679414,S2-375693103,S2-388023430,S2-401405222,S2-842875529,S2-854237706,S2-969942810,S2-111928477,S2-126696845,S2-131568011,S2-159761295,S2-176629934,S2-208032858,S2-209392471,S2-224541101,S2-229011411,S2-243451184,S2-245430487,S2-254660971,S2-255473724,S2-266771479,S2-269923663,S2-274993041,S2-279908012,S2-293947771,S2-305613797,S2-310881346,S2-353826490,S2-359437654,S2-375237652,S2-379740456,S2-382418052,S2-389134643,S2-43729461,S2-443077792,S2-452161360,S2-454815429,S2-478230107,S2-479068065,S2-534592036,S2-577802887,S2-590299761,S2-611111097,S2-625158084,S2-62528926,S2-627817023,S2-635437772,S2-639604597,S2-671436092,S2-684924900,S2-686186881,S2-699297088,S2-699843110,S2-704632322,S2-708657874,S2-715709631,S2-717173939,S2-723279796,S2-731934712,S2-734721742,S2-761113161,S2-774873879,S2-776611677,S2-812526464,S2-847003105,S2-863104105,S2-86417347,S2-866531719,S2-906658313,S2-925886492,S2-928983985,S2-943225456,S2-948066862,S2-949631024
S1-768015158	S2-571506106,S2-74056746,S2-838427488,S2-154682950,S2-154960345,S2-219998868,S2-283672521,S2-358250901,S2-405237963,S2-417533411,S2-428886994,S2-562226956,S2-568919099,S2-605969434,S2-614824581,S2-646594637,S2-743691113,S2-750473552,S2-758235218,S2-803221470,S2-817239278,S2-826787162,S2-913240757,S2-939141426,S2-945471595,S2-96973637,S2-114282129,S2-118422075,S2-13431980,S2-13434941,S2-145288201,S2-149211970,S2-170221895,S2-191844168,S2-197824349,S2-200948254,S2-207584133,S2-209581831,S2-221724690,S2-229736983,S2-233253380,S2-238008491,S2-252323385,S2-279032485,S2-281236320,S2-289284092,S2-28976757,S2-296955941,S2-304593712,S2-34587194,S2-358008737,S2-358495713,S2-374624287,S2-378199198,S2-379308863,S2-380459655,S2-388362151,S2-416023695,S2-427707470,S2-430011691,S2-432032624,S2-466257228,S2-46796264,S2-475721766,S2-486149503,S2-553078950,S2-560591215,S2-573252221,S2-574157781,S2-577136001,S2-588408211,S2-588667308,S2-601734672,S2-60561769,S2-616784329
S1-441023683	S2-368752494,S2-384027720,S2-392468975,S2-408784551,S2-446844245,S2-449671151,S2-480854110,S2-540155192,S2-555319294,S2-580420578,S2-613012191,S2-755387712,S2-837791363,S2-930575697,S2-962425485,S2-982443584,S2-992974200,S2-163736434,S2-188875474,S2-204090098,S2-381559510,S2-53706301,S2-559829643,S2-560833437,S2-681275586,S2-835057637,S2-108583420,S2-142728846,S2-146315013,S2-150628247,S2-178866175,S2-180807877,S2-206691168,S2-209093728,S2-231327165,S2-237409871,S2-238342311,S2-243328963,S2-246176927,S2-265241418,S2-269285206,S2-271739845,S2-275657944,S2-297487585,S2-301253624,S2-31968149,S2-337827012,S2-371446491,S2-376372110,S2-384868757,S2-38624546,S2-396555468,S2-421358414,S2-425513728,S2-428919366,S2-432411665,S2-433819177,S2-434609917,S2-438084037,S2-514540959,S2-514714174,S2-524821584,S2-526726670,S2-52815085,S2-544760260,S2-545370967,S2-564164004,S2-575141378,S2-580471305,S2-582973110,S2-586891584,S2-591277113,S2-59280127,S2-611065617,S2-61330089
S1-595374997	S2-293208831,S2-876595795,S2-207936133,S3-129082904,S3-254800941,S2-113646318,S2-126028712,S2-131454674,S2-135036881,S2-139283618,S2-155526980,S2-173939494,S2-174428809,S2-174665354,S2-179350032,S2-183284743,S2-195330838,S2-196291592,S2-198223220,S2-199053092,S2-202756397,S2-204867690,S2-205064874,S2-20611263,S2-206961406,S2-212276149,S2-219960331,S2-221675578,S2-226918020,S2-22714119,S2-24716881,S2-247901333,S2-252285814,S2-252524858,S2-281026004,S2-288498594,S2-293739519,S2-295850594,S2-304773855,S2-312363313,S2-319555833,S2-324119842,S2-326373833,S2-332446366,S2-342974027,S2-343660711,S2-345888795,S2-35371380,S2-364977991,S2-365753839,S2-378198024,S2-386887222,S2-399734374,S2-413205839,S2-41427956,S2-423737116,S2-435399888,S2-436315209,S2-443270489,S2-451105842,S2-451582332,S2-454275396,S2-467390715,S2-4809405,S2-481841306,S2-496146869,S2-502560716,S2-507052132,S2-508268446,S2-519726631,S2-519838522,S2-522427767,S2-523958628,S2-524876597,S2-527989963
S1-142553519	S2-852633529,S2-942772699,S3-445970061,S2-164634322,S2-177492954,S2-21982034,S2-310870553,S2-41650129,S2-44860321,S2-617761847,S2-638334494,S2-669084703,S2-688265881,S2-699988249,S2-728498808,S2-807916938,S2-86548900,S2-95824384,S3-362159465,S2-109060294,S2-113644682,S2-166645043,S2-172355828,S2-174174839,S2-174503830,S2-182747477,S2-18801039,S2-211830868,S2-223304383,S2-234343487,S2-236176622,S2-239661231,S2-241146558,S2-243868407,S2-246920606,S2-247019570,S2-247470578,S2-255530813,S2-262390646,S2-274054311,S2-279617982,S2-287652231,S2-287724143,S2-290906863,S2-319032936,S2-320651609,S2-347409968,S2-384115581,S2-393890137,S2-402483188,S2-412283392,S2-448274558,S2-473982057,S2-483276794,S2-486286891,S2-50827283,S2-510136489,S2-528792944,S2-544659826,S2-562852009,S2-573262106,S2-574125046,S2-587477749,S2-60506403,S2-610415124,S2-612610958,S2-640707752,S2-655345873,S2-669967702,S2-673776204,S2-680211145,S2-687109055,S2-696602556,S2-727173342,S2-743669797
S1-376563089	S3-710856441,S3-769956447,S3-813405622,S2-104383580,S2-114313558,S2-13230472,S2-161762705,S2-162740592,S2-171443979,S2-17978338,S2-216177077,S2-275822493,S2-280780323,S2-281500848,S2-346672085,S2-363932959,S2-387680403,S2-391036435,S2-408507954,S2-414049129,S2-418797637,S2-434802144,S2-442818695,S2-444315544,S2-475190422,S2-490331120,S2-526487003,S2-526712678,S2-529927600,S2-54050946,S2-578358757,S2-606949365,S2-607666338,S2-676865554,S2-678397994,S2-686074965,S2-696655435,S2-70207244,S2-71612021,S2-727406901,S2-727511334,S2-74163136,S2-743015620,S2-746710818,S2-756490117,S2-756926008,S2-75744755,S2-777376781,S2-826183841,S2-856404937,S2-899383715,S2-925506531,S2-971491700,S2-973859605,S2-974580606,S3-633734580,S3-771984700,S3-867769420
S1-994289509	S2-429494430,S3-648282718,S3-761357614,S2-118742548,S2-119572564,S2-169316016,S2-195740587,S2-216231873,S2-220368052,S2-223117200,S2-224121274,S2-232414816,S2-236893149,S2-238862443,S2-267457207,S2-287395529,S2-288868106,S2-289025037,S2-29981015,S2-307124398,S2-313026470,S2-321052074,S2-329733969,S2-331968326,S2-332103675,S2-339142042,S2-350358232,S2-354230116,S2-354703205,S2-362278857,S2-364052800,S2-373736147,S2-390722532,S2-391048922,S2-394554163,S2-419351777,S2-437975198,S2-45198890,S2-456591205,S2-477115225,S2-484014472,S2-50943387,S2-509870273,S2-511989847,S2-512511350,S2-517277475,S2-519518007,S2-533930393,S2-535926751,S2-553995813,S2-554174881,S2-568525117,S2-599957391,S2-620754855,S2-625218994,S2-6279925,S2-656704600,S2-662790543,S2-667917730,S2-701853310,S2-702597549,S2-769631706,S2-792859805,S2-795563032,S2-807582618,S2-810781302,S2-827313615,S2-838622901,S2-843892157,S2-852599067,S2-85635188,S2-860531883,S2-865353440,S2-911154739,S2-913862325
S1-414912302	S2-368207193,S3-59250381,S2-470166361,S3-50997154,S3-578444610,S2-116817029,S2-138338688,S2-140815489,S2-160824226,S2-178424374,S2-1867789,S2-225293592,S2-237647038,S2-238775095,S2-256175555,S2-258508077,S2-263122986,S2-277281088,S2-32416154,S2-325703361,S2-367497471,S2-440933162,S2-444063715,S2-459817316,S2-470762685,S2-51363526,S2-545788559,S2-554202063,S2-55864528,S2-570982696,S2-591299253,S2-602005427,S2-69308842,S2-744732805,S2-766384384,S2-778107566,S2-781859801,S2-803793772,S2-819228556,S2-820003236,S2-881703296,S2-912126304,S2-939033640,S2-939188355,S2-958418093,S2-974486496,S2-97893352,S2-979617065,S2-992621336,S3-160295348,S3-193712321,S3-396886437,S3-719884903
S1-559563624	S2-23863367,S2-307985022,S2-416044067,S2-418056190,S2-46879609,S2-500117155,S2-70128902,S2-83068507,S2-838570243,S2-861739367,S2-9002300,S2-969385352,S3-143138365,S2-117676729,S2-122376173,S2-122901553,S2-1233942,S2-126026157,S2-14571951,S2-154831297,S2-1757517,S2-176236891,S2-188609333,S2-193625995,S2-19704594,S2-210145337,S2-213401017,S2-214762833,S2-226563969,S2-23812106,S2-239452797,S2-250772013,S2-257224555,S2-258986526,S2-262048508,S2-273026100,S2-273829472,S2-28144382,S2-296515769,S2-302441534,S2-311393270,S2-314570460,S2-338807155,S2-340723939,S2-342454750,S2-34370642,S2-348076275,S2-350003264,S2-359879313,S2-368532778,S2-371486919,S2-384219063,S2-384577637,S2-387947351,S2-38910827,S2-414442914,S2-415037794,S2-429924659,S2-430577940,S2-434200786,S2-436576189,S2-439110399,S2-444276474,S2-445638350,S2-468741851,S2-483064689,S2-48890733,S2-505319104,S2-513884439,S2-526451536,S2-528829787,S2-534936463,S2-535330708,S2-543771438,S2-546633131
S1-404995167	S2-784386291,S2-226436985,S2-378054793,S2-419146094,S2-522788968,S2-692204351,S2-765177552,S2-864103770,S2-93891477,S2-941641598,S2-137734501,S2-149524281,S2-153235761,S2-170936357,S2-186080237,S2-186720775,S2-190088698,S2-200755922,S2-202171037,S2-206367704,S2-213222938,S2-21478865,S2-21512306,S2-229044670,S2-239597233,S2-242832899,S2-288515317,S2-320179118,S2-327840061,S2-336479075,S2-337444820,S2-343101909,S2-344087030,S2-372137238,S2-380832534,S2-382730823,S2-388714104,S2-411554551,S2-416757815,S2-435851200,S2-438264999,S2-445923250,S2-449436299,S2-458412056,S2-4720104,S2-50082374,S2-50435563,S2-510696319,S2-528704756,S2-528890845,S2-536091890,S2-53865370,S2-538763102,S2-548977939,S2-552496413,S2-5555370,S2-558945282,S2-574817538,S2-585478747,S2-587950979,S2-602937755,S2-606643746,S2-628130691,S2-639332787,S2-64050563,S2-649365875,S2-657091557,S2-659123694,S2-668006700,S2-671686203,S2-673601695,S2-678480849,S2-683028807,S2-686280093,S2-689616980
S1-576884583	S2-603057102,S2-250327115,S2-92413310,S2-100432440,S2-242844454,S2-245250215,S2-247273323,S2-268953121,S2-325653233,S2-420379658,S2-460147444,S2-499618691,S2-543649710,S2-568888479,S2-684779320,S2-727529375,S2-814840774,S2-857907697,S2-883885099,S2-103607574,S2-108558311,S2-122037445,S2-135233955,S2-13588777,S2-142142252,S2-143713773,S2-159555477,S2-160250518,S2-171469955,S2-188438840,S2-206439113,S2-210909999,S2-225098269,S2-239403228,S2-243659684,S2-258730237,S2-262031736,S2-267490761,S2-273314585,S2-276318954,S2-282071073,S2-284056859,S2-2903409,S2-292631219,S2-296909576,S2-320114230,S2-340445243,S2-341149941,S2-345384395,S2-353288126,S2-360772925,S2-363827073,S2-369722160,S2-375389076,S2-377709177,S2-396976925,S2-414575506,S2-422153244,S2-426786079,S2-446401411,S2-446548318,S2-452806566,S2-454253710,S2-457491323,S2-466147475,S2-484915502,S2-498152693,S2-499914812,S2-505471717,S2-506612054,S2-520553941,S2-523110498,S2-533503963,S2-533869161,S2-54693495
S1-997417869	S2-674549647,S3-941535803,S2-457861093,S2-58121153,S2-800283587,S3-267272907,S3-668003390,S3-792572213,S3-889704369,S3-950188607,S2-157907717,S2-192974905,S2-227313007,S2-233125358,S2-239682278,S2-261034632,S2-262713213,S2-262895362,S2-272496084,S2-291883858,S2-298788351,S2-306397444,S2-307731811,S2-308081424,S2-318088114,S2-334845093,S2-343935377,S2-360919898,S2-362872943,S2-389362621,S2-397702340,S2-400205099,S2-405461538,S2-444581242,S2-475509009,S2-479644066,S2-480292219,S2-483190728,S2-488572913,S2-489457963,S2-516335916,S2-5172490,S2-523771071,S2-526119213,S2-526184159,S2-561761153,S2-596840754,S2-611897629,S2-619412545,S2-649472594,S2-651708958,S2-653228725,S2-661874565,S2-661957087,S2-685415682,S2-705941136,S2-729265456,S2-745820113,S2-765649036,S2-793436410,S2-813991364,S2-841137821,S2-86983608,S2-880036361,S2-898646708,S2-908067690,S2-941588694,S2-965138262,S2-970572513,S2-987393178,S2-988657337,S3-106526052,S3-170596600,S3-191642833,S3-395357029
S1-144223421	S2-344574972,S2-553258219,S2-650862133,S2-76382003,S2-135949888,S2-251616632,S2-512970517,S2-72688368,S2-792331762,S2-833867169,S3-277737449,S2-108576447,S2-109578628,S2-109954131,S2-115410704,S2-123839047,S2-124418095,S2-129481568,S2-131909408,S2-138391040,S2-140844769,S2-141172698,S2-141369082,S2-148435740,S2-153886724,S2-16107882,S2-161949377,S2-168852887,S2-186446155,S2-209464269,S2-214354470,S2-214408693,S2-215054244,S2-21529510,S2-227021092,S2-236379432,S2-25250235,S2-286881176,S2-291036136,S2-304104790,S2-305944207,S2-321262957,S2-331483329,S2-33185269,S2-351289277,S2-354439624,S2-355171738,S2-362949722,S2-363072088,S2-366428196,S2-393552622,S2-394860305,S2-425064649,S2-440097949,S2-441810352,S2-455827289,S2-469367310,S2-472145210,S2-476513949,S2-481268987,S2-492781582,S2-493550347,S2-500842508,S2-510259536,S2-534299753,S2-547433154,S2-57009134,S2-576745281,S2-581106307,S2-589708934,S2-591633766,S2-611087955,S2-611916987,S2-612671605,S2-617253310
S1-30752064	S2-999277351,S2-247938958,S2-249021552,S2-408140349,S2-410224400,S2-525997652,S2-552947472,S2-639052560,S2-658468009,S2-66889149,S2-698557140,S2-755259381,S2-756847329,S2-872345481,S2-937909009,S2-10960530,S2-109836096,S2-115042196,S2-128298124,S2-132755982,S2-137629174,S2-142902245,S2-162295454,S2-162711021,S2-168182348,S2-195603369,S2-199649550,S2-206320252,S2-207393722,S2-22066286,S2-225097378,S2-228417898,S2-230514020,S2-241366449,S2-253990606,S2-259765935,S2-279069405,S2-279977213,S2-282611900,S2-286407174,S2-290778917,S2-293674204,S2-297624716,S2-298518106,S2-301862834,S2-313060802,S2-315736006,S2-321343786,S2-323339148,S2-325375361,S2-329132770,S2-329479313,S2-330041054,S2-342374684,S2-346464414,S2-351329509,S2-35450870,S2-356809142,S2-358282337,S2-359090335,S2-378166848,S2-405430274,S2-407819862,S2-428005629,S2-433838770,S2-488353868,S2-494196744,S2-494774377,S2-516030727,S2-521124103,S2-523352088,S2-526730959,S2-527152643,S2-532094642,S2-534824101
